package_name,family
com.kolbysoft.steel_29.apk,browser
com.example.zzb.txweblibrary_14.apk,browser
org.graycatbrower_18_162234.apk,browser
com.mobile.dolphinfloat_101.apk,browser
se.skapandedata.nexahome.www_18.apk,browser
com.mobiwu.war_21.apk,browser
com.jx.privatebrowser_2280.apk,browser
com.cool.coolbrowser_13.apk,browser
com.qihoo.haosou_830.apk,browser
de.tsc.portraitarchiv.online_5.apk,browser
example.webbowers_40.apk,browser
com.miidi.browser_3_164656.apk,browser
com.mx.browser.tablet_2900.apk,browser
se.tg3.gpsviewer_7.apk,browser
com.jilua.browser_39.apk,browser
com.budipower.navigatortracker_1.apk,browser
com.bmBrower_17.apk,browser
com.ruanmei.qiyubrowser_80.apk,browser
com.linkbubble.playstore_24800.apk,browser
movilsland.maxoffice_110.apk,browser
com.ftpcafe.explorer.standard_955242.apk,browser
com.silencecork.photography_57.apk,browser
com.veryapps.mobile.activity_30420.apk,browser
com.tiantian22cm.android.browser_8.apk,browser
com.chaozhuo.browser_30004.apk,browser
com.yyw.fastbrowser_218.apk,browser
nl.oetzitterd.sharetogoogleplus_9.apk,browser
com.iandroid.surf123_3.apk,browser
com.weyoo.weyoo_5.apk,browser
mark.via_20190219.apk,browser
com.roboo.explorer_61.apk,browser
com.salvesolutions.meagain_2211.apk,browser
com.solo.browser_9.apk,browser
barry.pantone_7.apk,browser
com.octmiddle.browser.media.player_112.apk,browser
com.qihoo.browser_11027.apk,browser
com.mycheering.browser_2.apk,browser
com.rendernet.mozaik3dviewer_114.apk,browser
com.mx.browser.free.mx200000015313_2858.apk,browser
com.google.android.apps.chrometophone_16.apk,browser
com.ovmobile.droidvuviewer_3.apk,browser
org.zirco_21.apk,browser
com.huawei.toolbardemo_6.apk,browser
124260_282672e9-4529-4bce-8a6a-81898382ecc6.apk,browser
com.mutiway.browser_2019010901.apk,browser
com.letv.browser.pad_8.apk,browser
com.veryapps.browser.simplespeed_1.apk,browser
159804_6dd1eeae-babe-45de-a3a1-a04ff6c930ae.apk,browser
cn.mchina.mbrowser_28.apk,browser
com.veryapps.webhd_30419.apk,browser
com.exsoul_336.apk,browser
com.gmobilesoft.fileexplorerfree_3.apk,browser
com.ijinshan.browser_fast_496002.apk,browser
com.a4sky.FileManager_4_114245.apk,browser
com.lieying.browser_400010.apk,browser
cn.duo123.browser_5.apk,browser
com.startapp.wallpaper.nature_29.apk,browser
com.boatbrowser.free_5094.apk,browser
com.bu88.topbrowser_13.apk,browser
com.IFBrowser_0.apk,browser
com.example.huixiao.scan.app.activitys_12.apk,browser
com.gaoshuaipeng.xbrower_4.apk,browser
harley.browsers_74.apk,browser
com.twistandroid.portscan_44.apk,browser
com.oupeng.browser_wcup_37.apk,browser
com.easy.browser_120.apk,browser
sui.m_723.apk,browser
gpc.myweb.hinet.net.PopupWeb_114.apk,browser
com.jiubang.browser.pocket_9.apk,browser
com.browser.sogood.ui_73.apk,browser
com.metaio.junaio_156372.apk,browser
com.dreyfous.edufileviewer_24.apk,browser
com.hoot.caoliuexplorer_3.apk,browser
org.mozilla.firefox_2015610961.apk,browser
fr.xgouchet.filemgr_15.apk,browser
cn.boat.browser_2398_145833.apk,browser
com.adymilk.llq_20.apk,browser
com.veryapps.mobilehd_30419.apk,browser
de.joergjahnke.pdfviewer.android.prerelease_72.apk,browser
com.huosu_18.apk,browser
com.imysky.skyalbum_2018122001.apk,browser
com.ucool.browser_13.apk,browser
cmp.apps.browserswitcher_8.apk,browser
com.apps_old.viewer_18.apk,browser
com.xrhome.amapp.smartphoto_20110910.apk,browser
com.asc.csbrowser_12.apk,browser
com.danikula.push2droid_13.apk,browser
com.lenovo.browser_800201018.apk,browser
com.ilegendsoft.mercury_54.apk,browser
com.transectech.lark_42.apk,browser
org.mozilla.fennec_xweb_2015032509.apk,browser
com.fuliangtech.qbrowser_17235968.apk,browser
com.seltzer.browser_icon_widget_1.apk,browser
com.liulanqi1217.app_10.apk,browser
com.ume.browser_20190215.apk,browser
com.opera.browser.beta_1904842200.apk,browser
com.ruichuang_43.apk,browser
cn.sjllq.browser.a_200.apk,browser
yzd.zirco_51.apk,browser
com.pcpop.popapk_4400.apk,browser
com.hejia.browser_1.apk,browser
ikey.ayukyo.qlbrowser_2015061602.apk,browser
com.googl.see_2.apk,browser
com.anttek.explorer_66.apk,browser
com.i_quanta.browser_11.apk,browser
net.letscorp.sapnotebrowser_9.apk,browser
com.dolphin.browser.tuna_676.apk,browser
com.browser.txtw_3110.apk,browser
com.yaqi.browser_5.apk,browser
com.funnylemon.browser_76.apk,browser
dev.dworks.apps.anexplorer.pro_45.apk,browser
com.juwan.market_432.apk,browser
com.ylmf.llsla.activitis_3.apk,browser
guotao.huizhong.FileBrowser_20110035_171213.apk,browser
com.ngbj.browse_7.apk,browser
com.tiantian22.android.browser_8.apk,browser
best.app.search.discover.recommendation_7.apk,browser
com.opera.browser_1904841200.apk,browser
com.veryapps.browser.lemon_1.apk,browser
com.example.weixuan_12.apk,browser
com.example.administrator.liulanqi_1.apk,browser
com.zhijianzhuoyue.sharkbrowser_25.apk,browser
com.mapocosm.apps.mapexplorer.free_5.apk,browser
com.example.ex_26.apk,browser
com.mogubrowser_5101.apk,browser
sui.mG_155.apk,browser
com.chrome.dev_364300000.apk,browser
com.opera.mini.kaiqi_3.apk,browser
org.easyweb.browser_131.apk,browser
com.jiubang.browser.evernote_11.apk,browser
com.android.ch.browser_91.apk,browser
sosu.application_215.apk,browser
com.mx.browser.appendix_2835.apk,browser
com.opera.browser.classic_1502231212.apk,browser
net.adgjm.angel_19139.apk,browser
com.browsermini_87.apk,browser
com.swallow.browser_3.apk,browser
com.souget.get_26010.apk,browser
com.tutk.DKSEGP2PCamLive_3.apk,browser
org.jandan.temp_18.apk,browser
com.murtos.lolbrowser_48.apk,browser
anyi.browser_1.apk,browser
com.estrongs.android.pop_10016.apk,browser
metrofax.android.MobileFax_20.apk,browser
mobi.mgeek.TunnyBrowser_789.apk,browser
com.mx.browser_3242.apk,browser
com.z28j.feel_88.apk,browser
browser.chinat2twc.com_6.apk,browser
com.ninesky.nsbrowser_86.apk,browser
com.freshbrowser_140.apk,browser
com.yuncell_1.apk,browser
com.tm.uone_57.apk,browser
com.jiubang.browser_337.apk,browser
sui.mRelease_727.apk,browser
cn.hi321.browser2_3.apk,browser
com.adec.apps.release.panpro_5.apk,browser
com.campustage.base_41.apk,browser
101460_4fc1f143-4cd8-4139-8ce8-5e34d21b9211.apk,browser
com.cloudmosa.puffin_20031115.apk,browser
com.myboyfriendisageek.airbrowser_27.apk,browser
com.qihoo.expressbrowser_209.apk,browser
com.moban.wnbrowser_44.apk,browser
com.dcg.mybrowser_1_094531.apk,browser
com.jiubang.browser.extension.autorefresh_4.apk,browser
com.whale.browser_3.apk,browser
com.layar_88.apk,browser
com.tiantianmini.android.browser_40.apk,browser
haomiao.browser.skydog_142.apk,browser
com.jike.browser_5_010512.apk,browser
com.baidu.browser.apps_258.apk,browser
acr.browser.lightning_88.apk,browser
com.caimao.browser_15.apk,browser
com.explore.web.browser_292.apk,browser
com.juzi.browser_29.apk,browser
in.zerob13.CodeBrowser_4.apk,browser
org.brandroid.openmanager_254.apk,browser
SavySoda.PrivateBrowsing_350.apk,browser
com.flynx_82.apk,browser
com.maxanoid.privatebrowser_4.apk,browser
com.startapp.wallpaper.browser_28.apk,browser
cn.geemee_13.apk,browser
ken.android.nntpreader_51.apk,browser
com.yishang.browser_1.apk,browser
com.cplatform.czb.esfilemanager_3.apk,browser
cn.yuyan.android.activity_7.apk,browser
ai.jisu.papi.zuo_30.apk,browser
com.dawenming.qingdian_27.apk,browser
dabaiqun.ling.com.dabaiqun_2.apk,browser
broqw.serforandroid_2.apk,browser
com.infinit.wobrowser_643.apk,browser
com.tiantian.android.browser_37.apk,browser
org.greatestapps.handfreebrowser.lite_6.apk,browser
com.fillforce.mybrowser_230.apk,browser
com.ifilemanager_1.apk,browser
browser173cn.application_15.apk,browser
org.chromium.chrome.shell_0.apk,browser
com.lechuan.rrbrowser_130.apk,browser
simon.arpe.viewer_1.apk,browser
com.cqrenyi.bbinbrower_1.apk,browser
com.tencent.mttwo_10031.apk,browser
com.antutu.anbrowser_140.apk,browser
com.ghcssoftware.gedstar_1403041109.apk,browser
com.FileBrowser.activity_1.apk,browser
app.dcfever_63.apk,browser
com.gaosullq_1.apk,browser
com.mangabrowser.main_145.apk,browser
com.simsimi.flashmobile_106.apk,browser
Android.ArtBrowser_1.apk,browser
com.tiantian.android15.browser_2.apk,browser
com.yeeron.videobrowser_1.apk,browser
org.xsky_1.apk,browser
com.lzl.dutebrower_1001.apk,browser
com.qwh.grapebrowser_138.apk,browser
com.hbr.browser_1.apk,browser
com.veryapps.web_30420.apk,browser
mixiaba.com.Browser_98.apk,browser
com.browserhistorydelete_5.apk,browser
jp.developer.retia.PxViewer_149.apk,browser
org.mozilla.fennec_mylinux_2018100822.apk,browser
net.shisashi.android.appstoresearch_7.apk,browser
ltd.banehappy.browser_356.apk,browser
com.chaozhuo.browser_phone_31800.apk,browser
com.pipi.pdfviewer_2400.apk,browser
net.alamoapps.crashcourse_110.apk,browser
cn.fuyoushuo.vipmovie_38.apk,browser
com.uubrowser.mlc_6.apk,browser
com.yr.browser_99.apk,browser
xiaomei.browser_104.apk,browser
com.shen.webview_6_150815.apk,browser
com.chaozhuo.browser.x86_30005.apk,browser
com.comet_20_102401.apk,browser
cn.pear.browser_49.apk,browser
com.emik.pictureshow_1.apk,browser
com.nufront.browser.phone_29.apk,browser
com.happybluefin.android.fileexplorer_100.apk,browser
jp.kenji.android.coolKanjiViewer_6.apk,browser
com.lu.browser_14.apk,browser
com.worldchip.apk_2.apk,browser
com.nod.browser_8.apk,browser
easaa.gujie_1.apk,browser
com.mmbox.browser_363.apk,browser
com.my.browserplus_1170.apk,browser
11747_89571e82-4d9a-4309-9483-052f85bb57de.apk,browser
com.gaosu.liulanqi_365.apk,browser
com.apc.browser.standard_21.apk,browser
jp.co.fenrir.android.sleipnir_3051081.apk,browser
giz.pack.browser_2400.apk,browser
com.light.browser_130.apk,browser
iron.web.jalepano.browser_306006.apk,browser
app.chameleon_browser_17.apk,browser
batbrowser.com_40.apk,browser
com.MTWeb_2.apk,browser
com.fantuantanshujbk_89.apk,browser
com.soshall.apps.browser_18.apk,browser
com.mozzapp.NetDroidBrowser_3.apk,browser
com.webview_1.apk,browser
person.abby.browser_101.apk,browser
com.airinbox.filemanager_2.apk,browser
com.huanyu.client_18.apk,browser
com.browser.yingduan_10202.apk,browser
com.thousand.browser_3.apk,browser
com.weiwang.browser_400000.apk,browser
com.qihoo.contents_1068.apk,browser
com.autoapp.dsbrowser_64.apk,browser
com.rshealth.browser_1018.apk,browser
com.xghy.gamebrowser_3.apk,browser
com.dynotes.infinity_10.apk,browser
com.guangsu.browser_27.apk,browser
com.kaede.aa_sdbrowser_32.apk,browser
com.oupeng.browser_107.apk,browser
com.huohoubrowser_4046.apk,browser
com.chinabrowser_51.apk,browser
org.noear.ddcat_406.apk,browser
com.x.phone_21.apk,browser
163616_84eaf2fc-8495-435b-b1b8-3849b624bec3.apk,browser
com.jx.minibrowser_3030.apk,browser
com.uc.addon.gesture_103.apk,browser
com.pants.android.baseballbrowser_4.apk,browser
com.ninesky.browsercn_86.apk,browser
com.moying.browserplus_1080.apk,browser
com.skyfire.browser_36453.apk,browser
com.android.qiushui.app.myfile_170716.apk,browser
com.angry0rg.web.justbrowse_9.apk,browser
com.qvod.kuaiwan.kwbrowser_100.apk,browser
com.guo.freshbrowser_136.apk,browser
com.zhangmen.browser_107000730.apk,browser
com.bolfish.mlb.browser_7.apk,browser
com.lenovo.lps.simple_3920183.apk,browser
com.votue.uu123_8.apk,browser
com.dingzai.browser_10.apk,browser
com.allzeus.browser_8.apk,browser
com.chengxin101.android_Browser_32.apk,browser
cn.loveapple.client.android.shiba_6.apk,browser
com.pkrss.voicebrowser_46.apk,browser
com.nufront.browser_33_141232.apk,browser
com.zyr.browser1_1.apk,browser
com.android.chrome_362610552.apk,browser
com.siemens.solidedge.viewer_11.apk,browser
com.jyf.llqa_2.apk,browser
com.sec.android.app.sbrowser.beta_920059120.apk,browser
com.fax.zdllq_95.apk,browser
cn.win_trust.suloong_4.apk,browser
tos.imageexplorer_2.apk,browser
org.espier.browser_18.apk,browser
com.mmbox.browser800_4.apk,browser
com.sljh.qpbrowser_1010.apk,browser
com.redhorse.minihorse_12.apk,browser
AlexBrowserPro.namespace_212.apk,browser
com.jkfantasy.photopoibaidu_3.apk,browser
com.android.easyfilebrowser_1_182708.apk,browser
com.jrm.android.wgt2apk.babao_6.apk,browser
com.zhongniu.browser_26.apk,browser
com.compal.android.browser_14130000.apk,browser
cn.com.wiisoft.andowser_3.apk,browser
org.adblockplus.browser_2018051435.apk,browser
com.googdood.app.imageflow_9.apk,browser
net.oxdb.MySearch_7.apk,browser
com.xiaoxiaotu.photoline_2.apk,browser
sg.bai.browser_5.apk,browser
com.ss.android.article.browser_618.apk,browser
com.web.all_121.apk,browser
com.cubicnumber.chrome_7.apk,browser
com.apc.browser_67.apk,browser
com.ledu.ebrowser_2200.apk,browser
rexsee.up_39.apk,browser
easy.browser_45_154212.apk,browser
com.opera.mini.android_281119224.apk,browser
cz.klaxalk.smartbrowser_25.apk,browser
com.jike.goddess_1_182004.apk,browser
com.browser2345_148.apk,browser
com.vsa.Browsser720_201605130.apk,browser
com.wikitude_8500.apk,browser
com.forever.browser_21.apk,browser
explorer.jun.xiao_1.apk,browser
sys.info.jtbuaa_53.apk,browser
jp.co.est.android.Dejizo_22000.apk,browser
com.jx.browserpro_1110.apk,browser
com.appsverse.photon_39.apk,browser
com.rence.kfpsassignmentimageloader_2.apk,browser
wei.zhong.filebrowser_2.apk,browser
com.nxllq_8.apk,browser
com.pd.browser_3.apk,browser
movilsland.inav_111.apk,browser
sys.info.trial_39.apk,browser
my.decode_1.apk,browser
com.oodong.swffplayer_112.apk,browser
e4a.UMIApp_1.apk,browser
czh.browser_2.apk,browser
com.sunbelt.businesslogicproject.browser_2.apk,browser
jp.co.fenrir.android.sleipnir_test_3051081.apk,browser
com.cnisg.wukong_83.apk,browser
com.xfc.browser_3.apk,browser
com.suzhiwei.phoneentrance_2.apk,browser
com.anipics.animes_5.apk,browser
com.imyune.browser_6.apk,browser
com.jianyi_1.apk,browser
com.navegador.facil_7.apk,browser
com.xtremeapp.xplorer.thecus_22.apk,browser
com.sony.promobile.ctbm.main_8.apk,browser
com.iuumobile.browser_1.apk,browser
com.appdream.browser_4.apk,browser
com.didibrowser_108.apk,browser
com.jie.browser_26.apk,browser
czb.project.test.webbrowser_1.apk,browser
com.trid.viewer_2.apk,browser
com.happylife.dlna.browser_3.apk,browser
com.nightshadelabs.anotherbrowser_3.apk,browser
com.sulang.browser_1.apk,browser
inrtyrtnret.exploe_2.apk,browser
com.fevdev.nakedbrowser_133.apk,browser
ai.jisu.papi.dong_30.apk,browser
acr.browser.hyllqj_91.apk,browser
com.binger.webview_1.apk,browser
com.bamutian.browser_19.apk,browser
com.jesgoo.browser_7.apk,browser
net.dahanne.android.g2android_15.apk,browser
com.tencent.qvrplay_1711061500.apk,browser
net.oxdb.EasyImage_5.apk,browser
com.boatbrowser.tablet_526.apk,browser
com.jt.FileBrowserSeven.Silver.Lite_3.apk,browser
com.tencent.smtt_1_155759.apk,browser
net.watea.apps.cobra_20150102.apk,browser
com.antonio.browser2.widget_25.apk,browser
com.browser2345hd_3.apk,browser
com.google.android.apps.body_3_101522.apk,browser
com.boatgo.browser_3336.apk,browser
com.llq_1.apk,browser
com.baidu.browser.inter_165.apk,browser
com.yitao.browser_1.apk,browser
com.browser.nowpro_36.apk,browser
com.spirit.browser_1_193610.apk,browser
org.mozilla.firefox_beta_2015606681.apk,browser
com.android.letv.browser_45.apk,browser
com.kk.jd.browser_66.apk,browser
com.UCMobile_1010.apk,browser
com.fast.browser_3.apk,browser
com.kuaima.browser_173.apk,browser
com.security.browser.xinj_17.apk,browser
com.fzh.filebrowse_7.apk,browser
com.mmbox.xbrowser_383.apk,browser
com.pinssible.padgram_2014.apk,browser
com.daohang2345_72.apk,browser
com.tencent.mtt_9024800.apk,browser
com.akira.filemanager_2.apk,browser
com.qoocc.haibao_4.apk,browser
3935_f8b6f4d9-27a4-4271-bbf1-5c13ae8f293f.apk,browser
com.nolanlawson.offlinebrowser_8.apk,browser
org.noear.h5_64.apk,browser
com.goojje.code_1.apk,browser
com.ngbj.browser2_4.apk,browser
com.ucmobile.lite_118.apk,browser
com.jt.File_Explorer_Full_5.apk,browser
com.cloud.browser_3.apk,browser
com.onymous.chanimageviewer_12.apk,browser
com.MediaPlayerBrowser_11_0427_1.apk,browser
com.blackmoonit.android.FileBrowser_133.apk,browser
com.cn.moon_1.apk,browser
com.webbrowser.storm_4200.apk,browser
com.example.haidieweb_17.apk,browser
com.ai.browser_38.apk,browser
com.wuzhoubrowser_11.apk,browser
com.android.browsers_20.apk,browser
com.easyapps.fileexplorer_16.apk,browser
59905_a29beaf8-180e-4105-9f56-7d8e53c734bb.apk,browser
browser.chinat2tys.com_6.apk,browser
com.sensorly.viewer_388001.apk,browser
com.yueray.shugo_24_142717.apk,browser
net.oxdb.WeBrowse_7.apk,browser
com.apc.guide_2.apk,browser
com.sec.android.app.sbrowser_820102100.apk,browser
com.sightidea.fileexplorer_120.apk,browser
com.appspot.sohguanh.CheckBrowserAd_27.apk,browser
com.mx.browser.free.mx200000011730_2830.apk,browser
com.mythlink.mslider_1.apk,browser
com.cmcc.browser_6.apk,browser
com.skyfire.consumer.browser_101.apk,browser
sogou.mobile.explorer_163191.apk,browser
com.tl.browser_111.apk,browser
monsou.quancheng_4.apk,browser
com.rapid.browser2_1.apk,browser
com.Tecvoz.TecViewer_3.apk,browser
com.example.vbapi_2.apk,browser
com.ledu.wbrowser_2620.apk,browser
com.andooyj.mbrowser_1021.apk,browser
com.security.browser.cool_10.apk,browser
acr.browser.lightningq16w_47.apk,browser
com.lydiabox.android_74.apk,browser
jp.co.nationalsoftware.nscofiler_4.apk,browser
com.yn.mini_20.apk,browser
com.uc.addon.webpagesave_100.apk,browser
jimmy.filebrowser.com_11.apk,browser
com.yuedong.browser_81.apk,browser
com.lenovo.tjmbrowser_1.apk,browser
com.qihoo.padbrowser_110_163216.apk,browser
com.flashbrowser_35.apk,browser
com.mentisco.applicationexplorer_11.apk,browser
com.orange.browser_2141.apk,browser
cn.zhangyoukeji.browser.jisou_9.apk,browser
com.nsolutions.DVRoid.Guard24_plus_20.apk,browser
agar.davis.agarwrapper_16.apk,browser
com.youhessp.zhangyu_100001.apk,browser
com.weimeijing.web_2.apk,browser
com.lebrowser_20.apk,browser
com.durianbrowser_5101.apk,browser
com.quark.browser_64.apk,browser
com.brickcom.sva201_378.apk,browser
org.crosswalkproject.Navigation37abcCrossWalk_6.apk,browser
com.oupeng.mini.android_107.apk,browser
sogou.mobile.explorer.speed_160200.apk,browser
com.baidu.hao123_215.apk,browser
22461_da6570ec-7e67-4df2-ab3a-984da0ae6d93.apk,browser
com.nubelacorp.javelin_77.apk,browser
com.javenwong.image.gif.explorer_1.apk,browser
browser.chinat2t.com_6.apk,browser
jave.wyx.browser_1.apk,browser
biz.stachibana.MultiWindow_5.apk,browser
com.access_company.android.nflifebrowser.lite_4293.apk,browser
com.talkbrowser_20150512.apk,browser
com.vqs.vip_106.apk,browser
com.tencent.ibibo.mtt_422.apk,browser
com.chrome.beta_357803100.apk,browser
com.jyf.pp_1.apk,browser
com.dolphin.browser.android.elex_109.apk,browser
app.eazi.yeahnet_1208200.apk,browser
com.JamesBecwar.FreePrivateBrowser_33.apk,browser
com.browser.penguin_1.apk,browser
com.zhijiangsllq_322.apk,browser
com.china90s_54.apk,browser
com.seal.browser_30000.apk,browser
com.xptool.browser_160.apk,browser
com.sige.browser_10000001.apk,browser
com.android.photostore_1.apk,browser
com.mygirlfriendisageek.airbrowser_15.apk,browser
com.blizzard.blizzardarviewer_3.apk,browser
com.ios.browser_79.apk,browser
com.stardev.browser_402.apk,browser
com.dodo.browser_10.apk,browser
com.liuhuak.kuaip_1.apk,browser
com.sjwyx.browser_11.apk,browser
com.qdxxkj.oblife_10.apk,browser
sun.trial.WindowsFileBrowser_2.apk,browser
com.vsea.vseabrowser_7_165200.apk,browser
com.lextel.fileExplorer_2.apk,browser
therealandroid.util.stats_209.apk,browser
com.prograssing.android.navigatorads_12.apk,browser
me.lzd3h.h43vxd_630000.apk,browser
com.happy_1.apk,browser
17726_029f8787-65e2-4ae7-8531-654429b5e3c9.apk,browser
jp.samurai_international.galapagos_14.apk,browser
