com.ttmobiletech.android.a.globaltime_12.apk,clock
com.labrtl.time.manager_5.apk,clock
com.wumii.android.SITE.app_2q3ySOY_1007000.apk,clock
com.starsoft.leistime_2.apk,clock
com.gtp.nextlauncher.liverpaper.tunnelbate_14.apk,clock
com.slkj.itime_17.apk,clock
com.ebserver.syncschedule_9.apk,clock
com.isoland2.lilithgames.qihoo_300.apk,clock
com.me.teatimetreatsfree_24.apk,clock
org.apothem.app.android.kdoctimesheet_1.apk,clock
com.haidong.mao_1.apk,clock
nl.apps4professionals.android.mca_19.apk,clock
net.recollect.portcoquitlam_18.apk,clock
com.betterlivinglabs.timemaster_6.apk,clock
com.scoutwest.standardtime_8.apk,clock
com.precioustatus.lovedones.android_4.apk,clock
com.badlynamed.traintimetable_3.apk,clock
com.esnet.flower_13.apk,clock
com.mjsoft.apps.sc_40.apk,clock
com.rocky.pinkkittyclockwidget_39.apk,clock
com.neurondigital.timecapsule_1.apk,clock
com.idalmedia.android.timetable.manager_1.apk,clock
68721_f9769c26-de19-4a8f-9114-34e806e566b9.apk,clock
youjinjin.usephonetime_81.apk,clock
com.world.time_3.apk,clock
com.appspot.sohguanh.CheckWorldTimesAd_25.apk,clock
com.hyongx.timestory_1000.apk,clock
com.qiantu.whereistime_150312.apk,clock
statistics.using.phoneusetimestatistics_30.apk,clock
com.dianxinos.weather_208.apk,clock
com.apps.timecatcher_1.apk,clock
com.teanapps.android.adv_2.apk,clock
com.mirko.sample_1.apk,clock
com.mathijsjh.barbecueweer_1.apk,clock
com.daelinka.android.claptime.activities_2.apk,clock
com.jitcomm.myapptime_9.apk,clock
com.dxh.android.time_1.apk,clock
com.conceptho.apps.noponto_1.apk,clock
com.duxing_1.apk,clock
com.rocky.diamondwidget_31.apk,clock
com.sgallego.timecontrol_9.apk,clock
com.zonedcode.android.lifestyle.timediary.free_2.apk,clock
com.bpd.timescapelive_2.apk,clock
com.jkfantasy.tmgr.phoneusagetime_12.apk,clock
com.coldfeet.apps.timer.trial_7.apk,clock
com.qiku.android.xtime_4004.apk,clock
ru.tant.utils.speaktime_40.apk,clock
com.g5e.shardsoftime.android_19.apk,clock
com.androloloid.android.TimeCalc_7.apk,clock
com.zero8timetracking.timesheeter_12.apk,clock
com.aging.album.face_3_142712.apk,clock
auen.tpen_8.apk,clock
edu.utaipei.cs.gtmanager_6.apk,clock
com.yaoheng.lin.datetimecontroller_2.apk,clock
factory.widgets.ThreeDDigitalWeatherClock_16.apk,clock
com.anddoes.fancywidget_18.apk,clock
com.zain.eurocup_1.apk,clock
com.ascendapps.timestampcamera.trial_83.apk,clock
com.staven.timeweather_20130220_093500.apk,clock
com.kidsfunworld.Play.LearnToTellTime.egame_10705.apk,clock
com.pomotodo_263890100.apk,clock
com.projectp.mprojects_211050.apk,clock
kerjin.utility.baby_healthcare_reminder_4_123803.apk,clock
se.rende.mytime_6.apk,clock
com.prayer.praytimes_20.apk,clock
com.tacktile.timetracker_2.apk,clock
com.meile.mobile.scene_2105.apk,clock
abdulg.widget.salah_8.apk,clock
com.a8646419225065269da4a489a.a07033771a_5.apk,clock
com.argos.android.pete_3.apk,clock
com.dualhalf.android.timetracker_14.apk,clock
com.mapiz.bustime_1.apk,clock
com.jsh.app_6.apk,clock
com.force.timezonefixer_159.apk,clock
com.jeyluta.timestampcameracnfree_99.apk,clock
com.gideondsouza.timepredict_2.apk,clock
com.aaarju.calls_26.apk,clock
com.jupiterapps.worldtime_1015.apk,clock
com.skar.ApprenticeMobileApp_4.apk,clock
com.mhm.prayer_14.apk,clock
fi.zt.timeflies_3.apk,clock
com.radio_1.apk,clock
com.samples.analogclock_1.apk,clock
com.timedee.calendar_130630_194539.apk,clock
com.zdworks.android.zdclock_654.apk,clock
com.dofufa.app.cashpark_9.apk,clock
com.df.milifan_1.apk,clock
com.tpcus.timeapproval_1.apk,clock
com.mono.diffwidget_13.apk,clock
com.appocraze.utctime_1.apk,clock
com.tapum.wheels_18.apk,clock
com.someboyj.TimeAlarm_463.apk,clock
com.vm.android.clockwork_8.apk,clock
com.color.playtime_1002001.apk,clock
com.rocky.bearclockwidget_35.apk,clock
com.terry30cm.android.anniversar_1.apk,clock
eu.reply.sytelgmbh.android.reflexreactiontime_2.apk,clock
com.time.swipetimes_1.apk,clock
cn.lmobile.redbull_4.apk,clock
com.fanglz.android.goodtiming_6_092027.apk,clock
com.qihoo360.launcher.theme.a_p429_2_143120.apk,clock
161813_1530b533-b424-4d34-8a23-2f28ef39857a.apk,clock
com.guidedways.ipray_38_151755.apk,clock
hk.lookfor.ltimelogger_15.apk,clock
com.rocky.chocolatecakeClockwidget_36.apk,clock
org.geekbang.geekTime_25.apk,clock
com.bed.timetosleep_12.apk,clock
com.synctime.lwb_16.apk,clock
com.aaa.aaa.gtavcd_1.apk,clock
org.ntpsync_12.apk,clock
com.codeapemobility.mytimesheet_21.apk,clock
com.ascendapps.cameratimestamp_26.apk,clock
com.performixbiz.azc_4.apk,clock
com.tinkerlog.android.pongtime_2.apk,clock
com.tt.timeline_310.apk,clock
com.example.timemarket_4.apk,clock
com.stetel.timewall.full_12002.apk,clock
com.timalyzer.trial_2.apk,clock
com.ever365.android.tracktime_1.apk,clock
jp.emitteeer.countdowntimetable_2.apk,clock
com.jaredshack.androidtimecardfree_51.apk,clock
com.phunware.undercovertourist_34.apk,clock
com.witon.timego_7.apk,clock
de.mytimetable.androidapp_29.apk,clock
com.zl.h_12.apk,clock
com.tc.orarioskuola_11.apk,clock
hans.timeCalc_4.apk,clock
pivar.android.nibbletime_7.apk,clock
com.eph.time2time_3.apk,clock
com.scnu316.time_2.apk,clock
wan.pclockopl_96.apk,clock
com.rocky.strawberryclockwidget_40.apk,clock
com.rocky.cutecatclockwidget_35.apk,clock
com.quick18.siena_14.apk,clock
com.bandainamcogames.ansatsu_17.apk,clock
com.sugeun.stopwatch_92.apk,clock
info.kfsoft.timetable_49.apk,clock
com.skouino.tc_13.apk,clock
im.doit.pro_72_111357.apk,clock
si.matejpikovnik.workinghours_26.apk,clock
com.chopjuice.tasktimetracker_1.apk,clock
com.xavileci.eltiempoentuciudad_4.apk,clock
com.singlebyte.timechanger_1.apk,clock
cn.dxy.cancer_201308008_111246.apk,clock
cn.line.businesstime_387.apk,clock
com.strategyfirst.timelines_45.apk,clock
com.behindcurtain3.swim_5.apk,clock
com.tomato.timelock_1.apk,clock
kaixin.qioche3_2.apk,clock
com.ithybrid.punchclock_3.apk,clock
com.llamalab.timesheet.free_22.apk,clock
com.Nescot.Nick.PomoNescot.fin_3.apk,clock
hk.ribxtime_3.apk,clock
com.xtime_1.apk,clock
tw.agudoe2.dt2c_1.apk,clock
com.rocky.sakurastyleclockwidget_31.apk,clock
app.timetogo_7.apk,clock
com.sydsanaz.remindfree_35.apk,clock
com.netex.LC_230801_2.apk,clock
com.rocky.cloudwidget_31.apk,clock
com.git.studycounter_5.apk,clock
ch.jorimjaggi.timetable_17.apk,clock
com.ipl2013_1.apk,clock
gilday.android.powerhour.demo_1.apk,clock
com.gnosys.thelemictime_1.apk,clock
com.performixbiz.atime_25.apk,clock
cn.buyevery.app_9.apk,clock
161810_b46cdca5-e902-4bbe-90d2-d8c4e6b73232.apk,clock
com.timestamp.calculator_80.apk,clock
com.samruston.weather_164.apk,clock
com.successfultimemanagement.tuan_1.apk,clock
ore.lavorate.lite_2.apk,clock
com.wumii.android.SITE.app_iKG8k3_1001000.apk,clock
com.sonyericsson.android.ambienttime_3.apk,clock
com.xiaoguo.englishspeaking02_1.apk,clock
com.weeeye.timecamera_1.apk,clock
net.netm.app.emmatchschedule_2.apk,clock
jp.skr.imxs.wifiticker_1301.apk,clock
com.jbw.buytime_android_35.apk,clock
com.worldtime22_1.apk,clock
com.disney.research.android.dc0_3013.apk,clock
com.time.workshop_205.apk,clock
com.timeonbuy_4.apk,clock
uk.co.digitaltrust.marstime_3.apk,clock
com.dubu.think.the.earth_2.apk,clock
net.xisberto.workschedule_90.apk,clock
com.btime.bjtime_49000.apk,clock
com.abouttimetech.android.activity_60.apk,clock
org.waptime_1.apk,clock
lc.st.pro_72.apk,clock
net.johnnye.timer_5.apk,clock
com.xonix.timecalibrator_10.apk,clock
lysesoft.worldwidetime_19.apk,clock
net.killerandroid.ptp_1.apk,clock
com.projectstar.timelock.android_38.apk,clock
com.aktivsoft.timesheetCalc_5.apk,clock
toutiao.com.headlinetime_22.apk,clock
appinapp.mgong.proj.usage_17.apk,clock
org.woodroid.alarmlady_5001.apk,clock
doppie.jumbotijd.nl_17.apk,clock
com.thisclicks.wiw_199.apk,clock
glivion.timetab_6.apk,clock
com.lly.yueshijian_13.apk,clock
com.netcoast.gardensoftimecheats_2_061246.apk,clock
com.averscer.timecubefree_2_141828.apk,clock
de.mmlab.timebox_9.apk,clock
jp.hamiltonwatch.android.TimePlayerWidget_1.apk,clock
com.senecacreeksoftware.timecalculator_4.apk,clock
com.dys.time.teller_10.apk,clock
com.osg.gmt0900_1.apk,clock
com.quietto.lite_4.apk,clock
com.rk.timemeter_20612.apk,clock
ulo.oabpqmz.comygyun_20008.apk,clock
155538_da51cc7d-1436-4e5a-9d5d-87a2df3afc73.apk,clock
org.jtb.utwidget_18.apk,clock
com.satflare.timesat_7.apk,clock
com.example.notbook_1.apk,clock
com.ludiinc.doctime_78.apk,clock
elyjah.golden_13.apk,clock
com.fancywidget.android_20.apk,clock
com.yong.hen_12.apk,clock
102280_ed6e139e-b72c-41dd-b1a9-cc0c00315dee.apk,clock
com.rocky.neolightwidget_31.apk,clock
com.nordicusability.jiffy_199.apk,clock
com.tm.treasure_60.apk,clock
com.brucemax.boxintervals_46.apk,clock
com.czs.gtd_1.apk,clock
jartdev.timewidget_19.apk,clock
com.discovertime_2.apk,clock
be.nascom.timy.android_4.apk,clock
com.loc8solutions.sqa.myexams_5.apk,clock
air.com.kooland.cleaningtimesleepover_1000000.apk,clock
com.pascalwelsch.nfctimetracking_8.apk,clock
com.thealchemist.wallpaper.minecraft_3.apk,clock
uk.co.infoease.timesheets.demo_3.apk,clock
com.splunchy.android.alarmclock_250.apk,clock
rom.burger.widget.countdown_7.apk,clock
com.happyfinger.eatertime_1.apk,clock
com.bet.euro2012.schedule_9.apk,clock
com.ch.read.D44303_3.apk,clock
com.nsu.cw.time.activity_2.apk,clock
com.newjarbook_5_1.apk,clock
com.lamberson.sean.projecttimetracking_1.apk,clock
com.zxy.yxsj_2.apk,clock
com.h2.geo.scale_1.apk,clock
com.frozengun.freeze2.google_118.apk,clock
com.sohu.tvpay1824_1010.apk,clock
com.ascendapps.cameratimestamp.trial_48.apk,clock
com.intuit.time_catcher.android.activities_13.apk,clock
com.fairshare.app_1070201.apk,clock
com.rocky.kitycatclockwidget_39.apk,clock
co.simplytech.bulova_time_3.apk,clock
com.loc8solutions.sqa_1.apk,clock
co.offtime.kit.cn_186.apk,clock
com.cereslink.solartime_140622.apk,clock
com.aadhk.time_68.apk,clock
com.randstad.timesheets_1.apk,clock
com.hoge.android.app404_72.apk,clock
com.schoolapps.worldtime3d_25.apk,clock
com.hybrid.stopwatch_43.apk,clock
info.kfsoft.android.timemini_121.apk,clock
com.wumii.android.SITE.app_ErpkcEej_1000000.apk,clock
com.anddoes.fancywidgets_24.apk,clock
com.designangles.prayers_153.apk,clock
ru.atrant.sytrant_14.apk,clock
org.jtb.utwidget.light_8.apk,clock
com.luckyna.dido_7.apk,clock
com.linsen.itime_20.apk,clock
org.freedom.ooze.android.gtd_122.apk,clock
com.zgy.activity_22.apk,clock
fr.xgouchet.timecircuits_3.apk,clock
com.weaverfish.batmon_17.apk,clock
com.chegesoft.timetracker_7.apk,clock
0a20d3a7feddbfc99e9f27c1edde3af8.apk,clock
com.mechanicad.quiettime_11.apk,clock
be.hcpl.android_15.apk,clock
com.malangstudio.alarmmon_819.apk,clock
health.timetable_2969.apk,clock
com.riverstonelabs.timemachine.cn_13.apk,clock
com.gaodun.wx.mewtime_21.apk,clock
com.tripcommon.hitlist_177.apk,clock
de.bulling.flighttimes_12.apk,clock
net.oxdb.Note24H_3.apk,clock
com.triedtech.battery.app_3.apk,clock
com.timetrail.myTimeTrail_3.apk,clock
com.customs.dbc.whats.the.time_11.apk,clock
com.teachersparadise.clocktime_1.apk,clock
com.wanyi.date_15.apk,clock
com.limbusnet.timemanager_1.apk,clock
com.CharlieSoftware.TimezoneConverterFree_2.apk,clock
161812_5b495f17-e006-453e-bf1e-5dce7b060bf3.apk,clock
org.dodgybits.android.shuffle_52.apk,clock
adrianoferraguto.oraesatta_7.apk,clock
com.iisavoutr.foztoeohx_585.apk,clock
com.jkfantasy.tmgr.timerecordmgr_14.apk,clock
com.quickode.Ncalendar_1.apk,clock
155588_5bf0a84e-10cb-4fe9-985e-6e8f63c10d28.apk,clock
com.yuedan_5007.apk,clock
co.lvdou.livewallpaper.ld819000_40.apk,clock
com.tcpan.ltsj_12.apk,clock
com.aml.pillsontime_1.apk,clock
zhou.zhichuan.pithyclock.android_13.apk,clock
com.liuck.datetimecalculator_1.apk,clock
com.idddx.lwp.mirrorfact.stationclock_16.apk,clock
com.wlxd.pomochallenge_36.apk,clock
com.clocktalent_82.apk,clock
com.wulawula.vip_23.apk,clock
com.proyectosandroid.taiymingAndroid_27.apk,clock
com.manbolo.timeit_6.apk,clock
com.mtm.mytable_10_104010.apk,clock
com.kumobius.android.carpet_74.apk,clock
com.keepinnovative.keeptimelite_3.apk,clock
com.yunlian.project.footprint_1.apk,clock
jp.gr.java_conf.peppermint.easytimecard_5.apk,clock
com.flywheelsoft.goodmorning_58_120659.apk,clock
cn.yn.zyl.adjusttime_3.apk,clock
ulmojn.termin_1.apk,clock
tpp.ZZ_1.apk,clock
cn.playboy.workTime_1.apk,clock
bage.timestamp2photo.cn_1.apk,clock
149042_9ff78ec2-bf4a-4d64-9a29-a4c7bce3e58b.apk,clock
com.workforce.timesheet_13.apk,clock
com.vikecn_75.apk,clock
com.ivan.android_5.apk,clock
com.zhangl.fqgzsj_100.apk,clock
155537_2206e4b2-4476-439d-8527-4ebf350e70d0.apk,clock
org.paoloconte.treni_lite_580.apk,clock
uberall.app.TimeNBilling_19.apk,clock
yly.timecalculator_1.apk,clock
conet.tt_11.apk,clock
com.oslwp.diary_236.apk,clock
com.pmpabc.testmock.t05_zh_tw_3.apk,clock
ch.swift.lilli_303009.apk,clock
com.abusivestudios.gateoftime_18.apk,clock
com.milifann_1.apk,clock
com.redo.main_10.apk,clock
factory.zcwidgets.zcMIUIDigitalClock_2_171700.apk,clock
161809_a0ea2949-17e2-4058-aa72-d1b4508b1ca3.apk,clock
com.m2c2communications.medoclock.light_31.apk,clock
69540_f9bc1bd4-8a09-4838-82c5-af16598bb4f7.apk,clock
com.NCopeman.timetable_3.apk,clock
nl.bernardinuscollege.mijn.android_123.apk,clock
com.record.myLife_39.apk,clock
com.tusoft.sleeptimelite_13.apk,clock
de.capcom.teezeit_3.apk,clock
com.cotonet.fishtimedemo_1.apk,clock
com.SevenStudio.game.ReactionRate_5.apk,clock
com.scs.timelog_5.apk,clock
pl.ma.android.timelineofevents_8.apk,clock
com.demohour_28.apk,clock
TA00.ZZHX_6.apk,clock
com.ProtonStudio.TimeClickers_1040500.apk,clock
com.hiiir.totp_9.apk,clock
com.sonyericsson.android.wallpaper.ambienttime_10000.apk,clock
com.leforuminfo.downloadcalc_6.apk,clock
com.jtyb.timeschedulemaster.activity_11.apk,clock
com.pitzunda.personal.time.tracker.free_10.apk,clock
de.adrrernatawsoftware.timesheriff_24.apk,clock
com.chineseinspiration_45.apk,clock
com.frankmontanaro.chhs_3.apk,clock
br.com.tapps.toilettime_2308.apk,clock
net.icycloud.fdtodolist_96.apk,clock
de.patientenwieich.how_long_3.apk,clock
cn.zzcdc.activity_1.apk,clock
com.devjockeys.projecttimelog_4.apk,clock
com.phybbit.android_2.apk,clock
whatistimemanagement.guide_1.apk,clock
org.fogproject.sleepytimedemo_231.apk,clock
cn.dxy.heart_20130805_110445.apk,clock
com.tsheets.android.hammerhead_42.apk,clock
com.zdworks.android.pad.zdclock_122.apk,clock
interprism.android.timerecorder.pro_14.apk,clock
com.chainton.danke.reminder_38_103606.apk,clock
com.qx.picshow_12.apk,clock
com.ascendapps.cameratimestamp.pro_31.apk,clock
jp.gr.java_conf.dd.android.timestack_7.apk,clock
155542_5c288526-e80c-4a51-acca-9bc082f1d1f9.apk,clock
com.ishan.timeTabular_1.apk,clock
com.chronometrium.android_1.apk,clock
com.cai.calltime_2.apk,clock
com.shangshang_1.apk,clock
basicom.ytm.calltime_1.apk,clock
com.dmmstudio.timeleft.chn_2.apk,clock
com.lge.android.analogclock.widget_1.apk,clock
com.nhn.android.calendar_4000100.apk,clock
kr.sira.suntime_1.apk,clock
com.VesigoStudios.OnTime_1.apk,clock
com.abdul.sleeptime_2.apk,clock
com.dozof.app.timewarp.lite_10.apk,clock
ma.GpsTickerDemo_80.apk,clock
com.bm.pleaseservice_1.apk,clock
com.talele.android.WallPaper_2.apk,clock
com.srvTimeCheck_1.apk,clock
com.dynamicg.timerecording_7132.apk,clock
com.zhiyuan.reactiontest_1.apk,clock
com.riverstonelabs.timemachine_27.apk,clock
com.aloggers.atimeloggerapp_327.apk,clock
com.motionportrait.HourFace_4.apk,clock
uk.co.kkdev.superTimetable_8.apk,clock
com.chuan.dou.et_2_164241.apk,clock
lc.st.free_324.apk,clock
org.helloworldteam.android.gtd_270.apk,clock
jp.coresite.myschedule.its2013_4.apk,clock
com.pmcoder.potatoestimer_1.apk,clock
org.fogproject.sleepytime_204.apk,clock
com.Pillow.notimetowaste_4.apk,clock
com.fenglistudio.sjbsjb_1.apk,clock
com.nextgenreality.hammertime_10.apk,clock
com.callduration_1.apk,clock
com.sony.sel.udrd.recordingtimecalculator_2.apk,clock
com.quick18.vistal_13.apk,clock
com.lhs.speakclock_6_175024.apk,clock
air.com.studiocnm.onelinescheduler_1000005_185713.apk,clock
com.daydaysoft.timepad_21.apk,clock
com.picca.pointage_17.apk,clock
155540_b4d64bdc-cbec-46df-b531-3b54ec1408b4.apk,clock
com.clrocco.timecalc_4.apk,clock
com.jijiangks.time_3.apk,clock
com.icloverlabs.idrinkwaterapp_50.apk,clock
com.mission.schedule_641.apk,clock
com.wuxiastudio.noodletime2_4.apk,clock
com.timevalue.invest.html5_3700.apk,clock
com.teo.tools.counter_1.apk,clock
love.staven_20131012.apk,clock
azapp.talkranking_2.apk,clock
de.trideon.Orrery_1020.apk,clock
157991_e2f5a1a8-3b85-4ac6-ad51-e157e1ec767c.apk,clock
com.vichara.android.quietme_5.apk,clock
com.maxiosoftware.free.atl_36.apk,clock
com.futuremind.contibus_5.apk,clock
com.joygin.weishijian_17.apk,clock
com.mmb.ntptime_101.apk,clock
de.ibo.android.timebuzz_1.apk,clock
net.rindus.PaintTable1_138.apk,clock
com.magizdev.dayplan_3.apk,clock
com.pw.synctime_1.apk,clock
ru.org.amip.ClockSync_32.apk,clock
net.qiixiao.android.timebox_300.apk,clock
com.xjp.synctime_4.apk,clock
nl.qrk.mytimetables_5.apk,clock
net.snovabits.mobile.andorid.app.widget.clock_1.apk,clock
cn.dxy.medtime_201900125.apk,clock
com.rocky.simplewin7clockwidget_40.apk,clock
com.versaedge.android.wdwwaits_19.apk,clock
com.tianyue.solosec_1.apk,clock
com.trustlook.devicelock_10.apk,clock
com.duoyu.itime.view_4.apk,clock
com.mahesh.worldtime_22.apk,clock
com.academics.ticker_4.apk,clock
bontime.App_478.apk,clock
com.hy.lovemanager_9.apk,clock
cn.basketballtime_1.apk,clock
com.maize.digitalClock_86.apk,clock
com.mobielo.devsched_26.apk,clock
157990_ecd3dc37-d2ec-404d-9afb-409c60781930.apk,clock
com.mmonem.madinatybus_251.apk,clock
com.naderApps.monemploidutemps_10.apk,clock
com.jiupinhulian.timeart_130.apk,clock
155529_3c84d7e5-9f9b-412c-b4d5-e0f4c2303103.apk,clock
cn.edu.stu.TimeTrack_1.apk,clock
com.wy.mnri_5.apk,clock
com.ufresearch.tti_6.apk,clock
my.lifehelp.times_1.apk,clock
com.scor.date_1.apk,clock
com.rocky.kittyspecialclockwidgetx_30.apk,clock
com.tastycactus.timesheet_6.apk,clock
171900_e6b73711-1f77-4348-bff4-e7ba3a581f7d.apk,clock
rw.One.key.Konw_1.apk,clock
info.mta.metro_north.train_time_460.apk,clock
com.campoweb.subschedule_19.apk,clock
com.versaedge.android.dlwaits_19.apk,clock
com.ebnerverlag.watchtime_59.apk,clock
org.forceofhabit.toasttime_2.apk,clock
biz.walkner.android.ivb.scout_21.apk,clock
com.google.android.myGTD_1.apk,clock
cn.cd.lifestyle.chuanlady.pro_1.apk,clock
com.yxy.secondtime_10.apk,clock
com.example.totaltimecount_1.apk,clock
com.tempocases.mobile_130.apk,clock
com.ezhuo.theme_new_shijianyinniertingliu_2.apk,clock
com.dianxinos.clock_83.apk,clock
org.yips.timecalc_1.apk,clock
com.xishinet.beautyalarm_8.apk,clock
com.rocky.cutezodiacclockwidget_35.apk,clock
com.pecs_busz_10.apk,clock
com.clocksend_1.apk,clock
com.ajdev.openingstijden_9_235708.apk,clock
com.outdoorapps.hiketimecallite_12.apk,clock
com.reshefelisha.xkcdnowwidget_6.apk,clock
net.qihoo.launcher.widget.clockweather_95.apk,clock
