com.me.mongodb_1.apk,document
com.toponedocumentviewerformobile_1.apk,document
com.dewmobile.kuaiya_285.apk,document
cn.easymobi.utility.excelfuncen_2.apk,document
com.google.android.apps.docs_190720545.apk,document
com.hudee.mama4f7334a0088c197a9ccb5fd7_11.apk,document
net.comikon.reader_31.apk,document
com.job51.Attachments_100.apk,document
com.shtj.app_155.apk,document
com.rhmsoft.fm_20780024.apk,document
com.olivephone.pptcontroller_2_161401.apk,document
com.learn.jquery.offline_2.apk,document
patil.rakesh.text2pdf_12_213349.apk,document
pl.ma.android.mydocuments_19.apk,document
com.acr.filemanagerpro_6.apk,document
com.mobisystems.editor.office_with_reg_16323.apk,document
com.mhoffs.filemanager_118.apk,document
com.menpuji.office_13121101.apk,document
com.threebirds.excelprint_100.apk,document
com.jibu.partner_20.apk,document
com.znz.compass.bboookk_108.apk,document
com.xunlei.walkbox_36.apk,document
com.worktile_72.apk,document
tw.nicky.AppBackupReinstall_77.apk,document
com.amaze.filemanager_54.apk,document
com.kanbox.sjwp_10208070.apk,document
com.pdagate.chmreader_80.apk,document
com.lidroid.fileexplorer_50.apk,document
com.wigomobile.textviewerxd_20.apk,document
com.speedsoftware.rootexplorer_999495.apk,document
com.snda.everbox_12.apk,document
com.ktls.superclipboard_10.apk,document
air.intollogy.scanner_1000003.apk,document
com.box.android_4250001.apk,document
com.maka.app_341.apk,document
com.chinamobile.mcloudmobile2.album_2000.apk,document
com.hufeng.filemanager_74.apk,document
com.graham.app.note_15.apk,document
de.barmenia.schadenapp_8.apk,document
com.dataviz.docstogoapp_1213.apk,document
sibling.android.Office_41.apk,document
net.micodegreenspan.fileexplorer_1.apk,document
com.apps99.office_2.apk,document
imoblife.officeyoga_5.apk,document
com.waplyj.extractor_17_173138.apk,document
com.zbj.Documents_1.apk,document
com.android.smartguider_1.apk,document
com.xietong.weshare_260.apk,document
com.texterity.android.HPOE_75.apk,document
org.master.luozhuang.word2text_1.apk,document
com.infone.app_9.apk,document
201182268060.apk,document
com.smartapp.docsbrowser_4.apk,document
sl.mobileapps.pdfprinter_7.apk,document
com.project.exceltutorials_4.apk,document
com.engineering.printer_1.apk,document
org.hagitr.The_Office_3.apk,document
com.tf.thinkdroid.ampro_186569.apk,document
com.elan.doc_5.apk,document
ChinaNote.Photo_19.apk,document
net.fizzl.fileshredder_12.apk,document
com.file.experts_20190304.apk,document
com.lsy4kit.texteditplu_20.apk,document
com.appxy.tinyscanfree_27.apk,document
com.org.techgene.pdf_2.apk,document
com.ws.lite.worldscan_28.apk,document
com.appfour.weardocuments_1901290010.apk,document
com.visuu.scanner_8.apk,document
com.lumu.bdy_22.apk,document
com.x_office_r_9.apk,document
com.simplenexus.scanner_1.apk,document
com.lj.fileexplorer_1.apk,document
com.anbook.book5117_1_162032.apk,document
cn.andouya_366.apk,document
com.piggy.myfiles_55.apk,document
com.investintech.com.able2extract_2000007.apk,document
jp.sblo.pandora.jota_89.apk,document
com.yzzx.note_10000.apk,document
com.oswn.oswn_android_80.apk,document
softmaker.applications.planmakertrial_21.apk,document
com.threebanana.notes_5021101_111009.apk,document
com.zhuoyouapp.reader_12.apk,document
com.greysh.fjds_4.apk,document
com.pwnwithyourphone.documentscanner.trial_122.apk,document
edu.svit.getdocs_2.apk,document
jp.flop.fox.android.foxnote_35.apk,document
com.tf.thinkdroid.amlite_198410.apk,document
xcxin.fehd_271.apk,document
com.daou.teamoffice.baseAct_16.apk,document
com.meimei20091013.pptShiYongJiQiao20121113_1.apk,document
com.stoik.mdscanspecial_7002.apk,document
com.minisuperman.fauten_10205.apk,document
174684_02133b12-a606-44af-a8e7-82aed27058fd.apk,document
com.funtrigger.appinstaller_110.apk,document
com.stoik.mdscan_30309.apk,document
com.cplatform.czb.creader_2.apk,document
com.tencent.docs_24.apk,document
com.huawei.hidisk_70203303.apk,document
com.psx2pal.ne.pdfbuilder_24.apk,document
com.smart.offices_3.apk,document
com.fanghezi.gkscan_65.apk,document
org.peidev.androiddoc_2.apk,document
com.alibaba.aliexpresshd_255.apk,document
jp.dip.monmonserver.MsGDocsFree_4.apk,document
jp.co.fujixerox.docushare.android_18.apk,document
com.unique.countsystem_2.apk,document
5115_f302c8c1-6395-4356-ade8-fb615554024f.apk,document
com.infraware.polarisoffice5_50330418.apk,document
com.qihoo360.feichuan_200051.apk,document
com.docin.zlibrary.ui.android_4100.apk,document
com.flyingottersoftware.mega_3000.apk,document
com.ranfeng.androidmaster.filemanager_20140701.apk,document
com.cyberwalker.file.manager_2.apk,document
air.BoxOffice_2000001.apk,document
songe.com.cn_201202.apk,document
com.lidroid.sgs.secretcode_27.apk,document
com.qinspect.view_22.apk,document
com.uc.addon.decompress_1.apk,document
com.dan_3.apk,document
apps.vock.com.belajarword_1.apk,document
com.imc.iqa_14.apk,document
cn.apksdk.androiddoc_2.apk,document
com.damiapp.softdatacable_240.apk,document
com.entertainment.scan_4.apk,document
jmwl.appcan.kaya_153.apk,document
com.droidWake.app_1.apk,document
com.uni.memo_1.apk,document
com.rarlab.rar_70.apk,document
com.adobe.createpdf_663820.apk,document
com.app.FileManager_5.apk,document
jfsl.notepad_6.apk,document
com.example.ppt__1.apk,document
com.apexore.android.pptshot_6_163503.apk,document
andream.app.notebook_12.apk,document
com.sdo.star.filemanager_2013031901_005556.apk,document
com.sysapk.phoneu_12_162815.apk,document
cn.com.isoffice.soffice_33300.apk,document
com.poi.poiandroid_1.apk,document
com.cnki.client_46.apk,document
com.cola.colappt.gui.activity_4.apk,document
com.microsoft.office.excel_2002677585.apk,document
com.steadfastinnovation.android.projectpapyrus_3040700.apk,document
tos.fileexplorer_1.apk,document
com.honestech.nscreendoc_1145.apk,document
com.quickoffice.android_1503111803.apk,document
com.qo.android.tablet.am_327.apk,document
com.stuff.android_4.apk,document
com.nj.wellsign_212.apk,document
com.james.SmartNotepad_78.apk,document
com.huoban_264.apk,document
com.tencent.FileManager_4710021.apk,document
com.ruptech.material_13062810.apk,document
com.graphilos.notepad_17.apk,document
com.shineyie.wordd_9.apk,document
com.fuyou.txtcutter_110.apk,document
org.thetomahawk.spreadsheet_54.apk,document
com.v.zy_50600.apk,document
com.fnatic.coolzip_50.apk,document
com.pdfdownload.filedownload_3.apk,document
com.hudun.androidpdfchanger_110.apk,document
com.learn.ex.offline_2.apk,document
30defe105ec7e612a5d1a062d586f1e2.apk,document
com.elinasoft.officeassistanthd_38.apk,document
com.tf.thinkdroid.amdrive_242183.apk,document
com.jt.UnzipLite_4.apk,document
com.zisync.androidapp_201010.apk,document
com.qtoffice.android_1.apk,document
nextapp.systempanel.r1_270.apk,document
com.akproduction.notepad_2004931_121002.apk,document
sample.pdf.snow.pdfview_19.apk,document
com.osprint.instapdf_2.apk,document
cn.wps.work_25.apk,document
com.doc88.reader_35.apk,document
com.netmarch.kunshanzhengxie.ui_2.apk,document
com.pwnwithyourphone.documentscanner_66_024759.apk,document
com.cyp.fm_5.apk,document
com.lonelycatgames.Xplore_41106.apk,document
com.xiaoyuyu.note_31.apk,document
com.dcampus.weblib_34.apk,document
com.nineappps_9.apk,document
com.intsig.camscanner_5931.apk,document
com.z.zyjl_100500.apk,document
by.insoft.android.walkievault_1.apk,document
com.fkarim.copyandpaste_10.apk,document
com.xsdb.xs_pdftoword_100.apk,document
com.matetek.ysnote_13.apk,document
softmaker.applications.planmaker_5.apk,document
co.easy4u.writer_2018060502.apk,document
com.hudun.androidpdfxunjie_135.apk,document
com.tf.thinkdroid.manager_3.apk,document
so.insopw.gotoso_5.apk,document
com.appspot.sohguanh.MyFormatAd_7.apk,document
com.mobilesoft.mydrive_14.apk,document
com.lsbj.lawyerestation_54.apk,document
net.duckling.ddl.android_1.apk,document
chat.sebastian.pdftoword_5.apk,document
com.zara.app.doc_55.apk,document
com.cnki.cpad_5.apk,document
com.asus.filemanager_1520001987.apk,document
com.mobisystems.editor.office_registered_16327.apk,document
com.intsig.camscanner.lax_4015.apk,document
com.mydocsonline.MDOBackup_1.apk,document
com.tf.thinkdroid.zimbra_238584.apk,document
com.k2mobile.freeviewer_470.apk,document
com.doc360.client_64.apk,document
com.meimei20091013.ExcelShiYongJiQiao20121113_1.apk,document
com.gr8media.ufofiles_1.apk,document
com.kingpinly.kkzip_7_224009.apk,document
com.example.jzzh_13.apk,document
com.holl.storage_23.apk,document
com.qo.android.moto_337_101302.apk,document
cn.kuaipan.android_180330.apk,document
com.fihtdc.filemanager_6004003.apk,document
MiniAppBox.PocketNote_1.apk,document
com.lv.notes_15.apk,document
com.hanvon.sulupen_14.apk,document
com.sealpath.viewer_6.apk,document
com.hujunting.fileexplorer_2.apk,document
com.ht.phonesalehelper_1.apk,document
com.aide.ui_1804240003.apk,document
com.mhoffs.filemanagerplus_92.apk,document
com.acer.remotefiles_2092001.apk,document
147114_8bb47e09-db91-4f08-9818-b5dbb539e9a8.apk,document
com.zoho.notebook_20036.apk,document
com.kdweibo.client_457.apk,document
com.hiya.files_1_170037.apk,document
com.picsel.tgv.app.smartoffice_8609.apk,document
com.doudoule_261.apk,document
com.comcsoft.izip_27.apk,document
com.bluebird.wordAndExcelTips_1.apk,document
filescan.jar_2.apk,document
com.skyarts.android.neomemofree_3.apk,document
com.qnap.qfile_89.apk,document
com.tf.thinkdroid.amarket_198590.apk,document
blueoffice.app_570.apk,document
com.hkpolymer.cvi_11.apk,document
org.joa.zipperplus7_240.apk,document
pl.ma.android.photosandfolders_1.apk,document
com.yzj.desktop_5.apk,document
cn.ssdl.bluedict_787.apk,document
com.orkitra.iedittrail_11.apk,document
com.appfunz.android.ebook.PPT43_2.apk,document
com.icdegs.tutorials_1.apk,document
com.abc.resfree_229.apk,document
com.olivephone.edit_109.apk,document
org.openintents.filemanager_39.apk,document
com.example.coco_18.apk,document
com.floatec.foobar2000control_41.apk,document
com.squeeze.web_9.apk,document
com.edoc.edoc2_10.apk,document
com.present_4.apk,document
com.picsel.tgv.app.ue2fileviewer_6543_171811.apk,document
org.mobiledn.koala.file_1.apk,document
com.baidu.netdisk_808.apk,document
com.muzhiwan.gamehelper.installer_100.apk,document
com.winzip.android_42000.apk,document
com.filemanager.free_16.apk,document
prologic.mobile.documents_2.apk,document
net.doo.snap_233.apk,document
uk.gov.metoffice.android_77.apk,document
per.pqy.apktool_610.apk,document
com.infraware.office.link.china_64970.apk,document
com.javamonkey.excellock_1215.apk,document
com.sinaapp.qwwpoo.rar_26.apk,document
com.ppctom.client_49.apk,document
com.twodeletedfilerecovery_1.apk,document
com.telstar.delplay_12.apk,document
kr.devfallo.floatcopypaste_14.apk,document
com.orange.inforetailer_11.apk,document
yunsearch.panc.com.pancasearch_1.apk,document
com.microsoft.office.officelens_2001443369.apk,document
com.zyh.filemanager_20.apk,document
com.qo.android.am3_327_163342.apk,document
com.olive.office_34.apk,document
com.stoik.mdscanlite_304522.apk,document
com.lipocodes.scanyourdocuments_1.apk,document
com.stClare_2.apk,document
com.microsoft.office.powerpoint_2002677585.apk,document
com.huawei.dbank.v3_31050.apk,document
com.workroom.honeypeach.easyviewer_5.apk,document
com.xj.notebook_19.apk,document
androidExplorer2.com.rob_2.apk,document
org.ocs_20.apk,document
com.stealthcopter.officespace_5.apk,document
com.foxit.mobile.ofd.lite_66.apk,document
com.lkb_2.apk,document
com.turingea.TEADOC_1.apk,document
com.zhy.pdf_1.apk,document
air.JavaEditorCR_1000110.apk,document
com.abcpen.ilens_355.apk,document
com.qq.qcloud_889.apk,document
com.example.encodedog_1.apk,document
com.collabora.libreoffice_17.apk,document
net.intel.fileexplorer_19.apk,document
cn.teamtalking.app.pms_27.apk,document
ren.kuaigong.android.kuaigong_1.apk,document
com.google.android.apps.docs.editors.sheets_72520335.apk,document
com.tf.thinkdroid.archos_Archos5_1.apk,document
com.dhruv.fileexplorer_19.apk,document
com.yinxiang_2000011.apk,document
com.jymt.build_6.apk,document
com.tf.thinkdroid.hdamarket_168457.apk,document
com.kanbox.wp_303004001.apk,document
jp.sblo.pandora.jotas_79.apk,document
com.guo.filedialog_178.apk,document
com.ls.scan.like_9.apk,document
jp.co.toshiba.android.FlashAir_40323.apk,document
com.transn.paipaiyi_17.apk,document
com.j2eeknowledge.viewer.excel_79.apk,document
com.doclinkermobile_53.apk,document
cn.youxi515.superwriter_106018.apk,document
com.cn21.ecloud_270.apk,document
com.Note_7.apk,document
com.aor.droidedit.pro_143.apk,document
com.youdao.note_105.apk,document
com.rongri.dms_1001.apk,document
com.tidahouse.web2text_7.apk,document
com.lgy.myword_26.apk,document
com.zorro.android_bluetoothsharefile_1.apk,document
com.youmi.filemasterlocal_210.apk,document
com.flame.openurl_wangpan_1.apk,document
com.cxy.zip_2.apk,document
com.companionlink.clusbsync_1102.apk,document
com.cfca.mobile_1.apk,document
de.joergjahnke.pdfviewer.android.prerelease_72.apk,document
com.when.android.note_1_094715.apk,document
org.mortbay.ijetty_31_234305.apk,document
softmaker.applications.textmakertrial_21.apk,document
lfr.ustc.ftp_82.apk,document
com.omg.labourunion.android_36.apk,document
com.innov8tion.isharesync_65.apk,document
com.cjc.mylibrary_1.apk,document
com.bpm.edoc.edoc2_4.apk,document
com.sinaapp.qwwpoo.pdf_28.apk,document
org.master.luozhuang.SevenZip_1.apk,document
br.com.thinkti.android.exceltopdf_31.apk,document
cn.wps.moffice_eng_430.apk,document
org.h0lger.amarok2remote_9.apk,document
com.publisnet.bootstrap30_3.apk,document
com.opcbox.obox_9.apk,document
com.youba.FileExplorer_2.apk,document
com.pipi.pdfviewer_2400.apk,document
com.blackmoonit.android.FileBrowser_133.apk,document
zl.open.app.file.explorer.version.one_31.apk,document
epson.print_60604.apk,document
com.ylmf.androidclient_1077.apk,document
com.ghisler.android.TotalCommander_221.apk,document
com.yozo.office_202467.apk,document
net.goso.fileexplorer_3.apk,document
6a9930e9541943482423c199ed69d7d4.apk,document
apps.appliedthinking.theofficetheme_2.apk,document
com.trans_code.android.droidscan_85.apk,document
com.resonancelab.arcfilemanager_14.apk,document
com.fiistudio.file2pdf_1.apk,document
com.aqz.android.excelfunction_2.apk,document
com.android.star.filemanager_2011102001_103558.apk,document
150322_48b09a1c-e57c-487c-9347-4cd7d0d13702.apk,document
com.mobisystems.fileman_16202.apk,document
com.elinasoft.officeassistant_39.apk,document
com.scube.pro.resume.creator_8.apk,document
com.xls_1.apk,document
com.word.excel.tips.free.tools.vidition.droid_1.apk,document
com.mediafire.android_86.apk,document
com.scan.master_122.apk,document
com.hobbyistsoftware.android.vlcremote_usfree_48092.apk,document
com.android.mlppt_2_102110.apk,document
com.appfunz.android.ebook.excel_2.apk,document
com.dataviz.docstogo_11526.apk,document
im.tower.android_204.apk,document
com.toremote.audio.freeplayer_177.apk,document
com.dw.ExcelApp_7_175518.apk,document
com.wdc.wd2go_34.apk,document
com.work.fileexplorer_1.apk,document
com.shenyaocn.android.EasyEdit_43.apk,document
mn.goody.android.arcviewer_3.apk,document
patil.rakesh.word2pdf_5.apk,document
com.panasonic.avc.cng.lumixremote1_1.apk,document
com.estrongs.android.pop_10016.apk,document
com.asuscloud.memo_63.apk,document
com.rf.rkbac_6.apk,document
hotcard.doc.reader_95.apk,document
com.cfinn_adaedge_mygbiz_com.U_DOC_IT_11.apk,document
nextapp.fx_7211.apk,document
softmaker.applications.presentations_9.apk,document
com.xunlei.udisk_1.apk,document
com.mobisystems.mobiscanner_715.apk,document
cn.sany.edits_30034100.apk,document
com.khymaera.android.cpmg_3.apk,document
com.blogspot.ihatov365.note_2.apk,document
com.myy.jiejing_34.apk,document
my.docmanager_4.apk,document
aigonew.wd.activities_39.apk,document
jp.sblo.pandora.jota.plus_201805.apk,document
com.apkhub.sfxringtones_1.apk,document
148113_f4a342d9-cfb2-4d07-a172-768bdab03a24.apk,document
com.infraware.polarisoffice4_320711_185953.apk,document
cn.skilltree.skilltree_37.apk,document
18000_e91f5e2e-8876-4329-a721-e5c53a4fb776.apk,document
49120_2697cac3-12d7-421b-8376-ad15e134065d.apk,document
com.google.android.keep_190710140.apk,document
com.microsoft.office.word_2002677585.apk,document
com.kenny.KFileManager_288.apk,document
com.isi.ouwdyf_2.apk,document
com.hkingsoft.oa_1.apk,document
com.jun.word_1_201653.apk,document
com.rbigsoft.easyunrar.premium_14.apk,document
com.foxit.mobile.scannedking_15.apk,document
com.baidu.wenku_5500.apk,document
com.raydacosta.pptcontrole_6.apk,document
com.sina.VDisk_392.apk,document
com.offiviewer.android_21.apk,document
com.miui.transfer_401406171.apk,document
br.com.thinkti.android.wordtopdf_55.apk,document
com.mds.android.adoview_8.apk,document
com.ZWSoft.ZWCAD_31.apk,document
net.ansoft.fileexplorer_1.apk,document
de.dieteregger.symbolic_1.apk,document
com.doclinkerfull_26.apk,document
com.synology.DSfile_314.apk,document
cc.ocr.yunapp.doc_5.apk,document
com.example.a28125.imemo_2.apk,document
net.eddie.filemanagerex_49.apk,document
com.defianttech.diskdiggerpro_101.apk,document
com.imsi.TurboViewer.Free_100023004.apk,document
com.jt.Unzip_Demo_1.apk,document
com.silentcircle.silenttext_101120301.apk,document
org.cc.textedit_12.apk,document
softmaker.applications.textmaker_4.apk,document
com.tf.thinkdroid.samsung_109038.apk,document
com.jrtstudio.automount_12.apk,document
com.jionl.trus.ishare.chy_1.apk,document
uk.co.awesomedigital.gsremote_41.apk,document
net.talondesigns.andcad_lite_15.apk,document
com.gstarCN.android_1.apk,document
com.tianhao.fileexplorer_2.apk,document
com.secretphoto2_12.apk,document
com.ms.fullemoticon_1.apk,document
com.metago.astro_2018062716.apk,document
cz.awk.android.docconv_7.apk,document
app.ecm_17.apk,document
com.cde0l.jump_23.apk,document
com.lzl.txtscan_212.apk,document
com.vanaia.scanwritr_79.apk,document
com.wisky.app.MyDocuments_1.apk,document
com.FileNote_7.apk,document
com.mezeo.android_10.apk,document
com.ctrlf.app_202.apk,document
com.jecelyin.editor_46_214011.apk,document
com.lenovo.anyshare_4030938.apk,document
com.publisnet.bootstrap23_1.apk,document
poet.android.memory_1.apk,document
com.Filesearch_2.apk,document
com.sap.mcm.android_1003004.apk,document
com.diotek.mobireader.pro_30.apk,document
com.redcoolmedia.offistar_1437.apk,document
com.coreapps.android.followme.owe_2012_151.apk,document
jp.sblo.sbryvh.pandora.jota_6367.apk,document
com.almightylabs.focus_6.apk,document
com.kingdee.zhihuiji.shop_20190128.apk,document
com.intsig.notes_5.apk,document
org.paulmach.textedit_15.apk,document
com.google.android.apps.docs.editors.docs_74620530.apk,document
br.com.thinkti.android.exceltohtml_14.apk,document
mssuit.myexcel_24.apk,document
com.qianhengnet.pipelinemanage_1.apk,document
com.olivephone.handwrite_1_105443.apk,document
org.dayup.gnotes_1839.apk,document
cn.edu.hust.luyintong_1.apk,document
com.estmob.android.sendanywhere_430107.apk,document
com.injoy.yunjing_work_14.apk,document
com.example.excel_2.apk,document
com.talkweb.twmeeting_43.apk,document
com.ookon.sync.app2_33.apk,document
com.hubdoc.app_115.apk,document
com.asrazpai_4.apk,document
com.yunmai.web_ocr_52_190109.apk,document
com.qsnotetqkj.weiji_170716.apk,document
com.fs.browser_7.apk,document
com.jun.excel_1_194638.apk,document
com.suncn.reader_13.apk,document
com.X.android.xppt_150.apk,document
air.thexmlfactory.free_1000001.apk,document
com.alioooop.mynotebook_2.apk,document
com.microsoft.skydrive_2025240310.apk,document
com.eleven.app.pdfreader_25.apk,document
com.unicom.gudong.client_78926.apk,document
popjsj.ocr1_1.apk,document
com.lidroid.fileexplorer.supermount_4.apk,document
in.woomoo.pop_326.apk,document
com.qnap.Qsync_13.apk,document
com.sm.SlingGuide.Dish_103772.apk,document
com.nd.app.factory.ndcloudofficepro_2230737.apk,document
com.zeon.Gaaiho.Reader_8.apk,document
com.zq.zqproject_9.apk,document
com.digiwin.Mobile.Pad.MM.Document_232001.apk,document
com.esyzsolutions.fileanalytics_4.apk,document
com.access_company.android.nflifedocuments_pro_60.apk,document
cn.shengxin.keepsecret_11.apk,document
movilsland.maxoffice_110.apk,document
com.icecoldapps.scantopdffree_1.apk,document
com.appfunz.android.ebook.bukeExcel_2.apk,document
com.cssquared.officetoss_1.apk,document
com.infraware.polarisoffice_312048.apk,document
com.ecareme.asuswebstorage_484.apk,document
tw.nicky.FastAppInstall_41.apk,document
chuxin.shimo.shimowendang_6174.apk,document
com.azt.PowerPdf_6.apk,document
pooer.blockd_2.apk,document
gloom.notepad_16.apk,document
