com.andgames.fruitcut_516.apk,games
com.popcap.pvz2cthd360_941.apk,games
com.uqee.lying.maingame_2033.apk,games
com.subatomicstudios_165000000.apk,games
com.tencent.qqgame.xq_29201.apk,games
com.supercell.clashroyale.qihoo_347.apk,games
com.rvappstudios.bubblesmasher_4.apk,games
com.magmamobile.game.SpiderSolitaire_10.apk,games
com.k7k7.mxw2.zhushou360_46.apk,games
com.ztgame.jl.qh360_84.apk,games
com.gamehivecorp.kicktheboss2r_41.apk,games
com.szgd.GGBondrunning.qihu_423.apk,games
com.muzhiwan.installer_220.apk,games
me.pou.app_219.apk,games
com.zlongame.fszhs.qihu_180.apk,games
com.happyelements.happyfishandroid360_80902.apk,games
com.wistone.war2victory.lianyun360_2130000.apk,games
com.hugenstar.tdzmclient360_74.apk,games
com.rovio.angrybirds.cn360_22200625.apk,games
com.tuesdayquest.hungrycat_8_201303.apk,games
com.pfu.candy_75.apk,games
com.cnvcs.gomoku_139.apk,games
com.game.BubbleShoot_15_113324.apk,games
com.flyfish.supermario_2020.apk,games
net.talking.panda.free_20110826_183403.apk,games
com.ipeaksoft.keng16.qihoo_1007.apk,games
com.sanguoq.sanguokill.hd.qihoo_328450.apk,games
net.crimoon.sgz15_360_340.apk,games
com.mahjong.people_45700.apk,games
cn.limsam.phz_271.apk,games
com.wooga.jelly_splash_1534000851.apk,games
com.KelliNoda.Battleheart_10.apk,games
com.yodo1.SD006.timetravel_1300.apk,games
com.starelement.virtualmall.q360_200.apk,games
com.skymoons.croodsa.qihoo_97944.apk,games
th.co.progaming.gesturedance_10.apk,games
com.knight.union.qihoo_20050.apk,games
com.ball3d.union.qihoo_1491800.apk,games
com.hgqn.xcmfkds.qihu_304.apk,games
com.fgol.piranha_2.apk,games
com.tencent.tmgp.sgame_43011515.apk,games
jp.co.capcom.android.sf4_no_compress_googleplay_20000_182709.apk,games
com.bf.sgs.hdexp.qh360_158.apk,games
cn.ultralisk.gameapp.game23_2300.apk,games
com.sdo.sdaccountkey_329.apk,games
com.clapfootgames.laserwars_6_150518.apk,games
air.SpeedyWinner.PickUpSticks_1021000_112029.apk,games
jp.co.idac.strangehouse_1005_192704.apk,games
icelamp.LinkFruit_20.apk,games
com.cmcm.arrowio_51003.apk,games
cn.mobage.g12000128.a360_20181227.apk,games
com.haypi.dragon_12_135215.apk,games
com.uc108.mobile.xzmk.qh360_29.apk,games
com.wyd.hero.yqlfc.cb1.qihoo_104.apk,games
com.julian.fastracingmod_2.apk,games
com.tencent.lian_13.apk,games
com.youxibang.pao.gamestrategy_2501.apk,games
com.doodle.cheesetower_2200000_170101.apk,games
com.sdxq.game_101.apk,games
com.DBGame.DiabloLOL_43.apk,games
com.k7k7.BaoHuang.qihoo_4080700.apk,games
cn.jj.hall_50606.apk,games
com.supersonic.brickgame_23.apk,games
air.au.com.metro.DumbWaysToDie_4000000.apk,games
com.crossfield.forestlife_118.apk,games
com.ledo.areal.qihoo_10509.apk,games
com.gamelaoyou.hcfish.qihu_125.apk,games
com.gamedo.hlw.qihoo_103.apk,games
com.supercell.clashofclans.qihoo_1067.apk,games
com.ysong.caige_391.apk,games
com.wego.revolt2_global_2000002038.apk,games
com.leju.xrzsj.qh360_35.apk,games
sh.lilith.dgame.s360_112268.apk,games
com.hortor.songtoword_10.apk,games
com.zplay.migupopstar_153.apk,games
com.caohua.atm.qihu_79752.apk,games
com.ensony.soulsaver2k_premium_101_122306.apk,games
com.nobleempire.GunDisassembly2_1220.apk,games
com.yxme.thequeen.qihoo_10.apk,games
jp.co.ateam.android.lie_3_170740.apk,games
com.outfit7.mytalkinghank_2480.apk,games
gts.wackyduck.lite.en.phone.anzuo_15.apk,games
com.batteryacid.jamcity_137.apk,games
com.gipnetix.doorsrevenge_43.apk,games
com.linekong.t3.lk360_200450.apk,games
com.miHoYo.bh3.qihoo_190.apk,games
com.venbrux.tntbf2_1000008_080514.apk,games
com.outfit7.talkingtomgoldrun.a360_602106.apk,games
com.androidemu.gba_65.apk,games
com.yinhan.hunter.qihoo_311.apk,games
com.centurysoft.fruityrobo_52.apk,games
com.netease.onmyoji.qihoo_59.apk,games
it.rortos.airnavyfighters_201_145022.apk,games
com.fgol.hsw.c360_85.apk,games
com.fgol_6300.apk,games
com.netease.my.qihoo_12171.apk,games
com.glutenfreegames.dogsimulator_3.apk,games
net.joywii.qysg2d.aqws_90920.apk,games
com.netease.moba.qihoo_137.apk,games
com.mobimirage.android.Legend.qihoo_120.apk,games
com.outfit7.talkingben_42.apk,games
com.ipeaksoft.keng8_3008.apk,games
com.g2us.armedwarriors_1478.apk,games
com.outfit7.talkingtompool.qihoo_3620.apk,games
com.cnvcs.xiangqi_70170.apk,games
lqh.china.llk.dongwu_2020_224117.apk,games
com.hero.sm.qihoo360_27554.apk,games
com.kb.Carrom3DFull_270.apk,games
com.og.crazyddz_6650.apk,games
com.jbgames.HTGame.Qihoo_360.apk,games
wang.yong.sric.android_24.apk,games
com.youxibang.jiezou.gamestrategy_2500.apk,games
com.game.JewelsStar_52.apk,games
com.crisisfire.android.qihoo_86.apk,games
com.netease.mkey_52.apk,games
com.wordsmobile.musichero_12.apk,games
com.leju.dfjwl.qihu360_35.apk,games
com.ipeaksoft.keng6_3008.apk,games
com.gipnetix.escapers_9.apk,games
com.sdg.woool.xuezu.xuezu360_27.apk,games
com.tq.warandorder.qihoo_61.apk,games
com.blogspot.zandroidgame.eliteforce_36.apk,games
com.cat.star_221.apk,games
cn.bluesky.chinesechess_34.apk,games
com.PGSoul.BigHead_GameBase_55.apk,games
com.nrsmagic.sudoku_118.apk,games
com.joym.xiongchumo4.sj360_32.apk,games
com.bestappshouse.piperoll2ages_3994.apk,games
com.tencent.tmgp.pubgmhd_7700.apk,games
com.KingOfTank.QIHU_60100000.apk,games
com.magicbone.pyramidrun_1_105137.apk,games
com.ipeaksoft.keng4_7008.apk,games
com.boyaa.lordland.qihoo_1740.apk,games
com.lz.wcdzz.qihu_1790.apk,games
com.oxothuk.worldpuzzlefull_71_173532.apk,games
com.carrot.iceworld_480.apk,games
com.integer3d.dirtroadtrucker_26.apk,games
com.qukong.fishsister_208.apk,games
com.com2us.inotia3.normal.freefull.google.global.android.common_1450.apk,games
com.mindblocks.blocks_328.apk,games
com.centurysoft.roboking_36.apk,games
com.spookyhousestudios.railmaze_16054.apk,games
com.happyelements.AndroidAnimal_65.apk,games
com.kongzhong.c1.qh_27.apk,games
com.think.game.qh_320.apk,games
com.ty.fishing.Qihoo_854.apk,games
com.youzu.snxyj.qihoo360_104213.apk,games
com.mahjong.danji_45860.apk,games
com.anzogame.cf_400200.apk,games
com.bilibili.fgo.qihoo_100.apk,games
com.koyonplete.koigakuen_20.apk,games
com.good.world2fbcn.qihoo_36.apk,games
com.longtugame.rexuejianghu.qihoo_52.apk,games
com.rekoo.kingdom.main_9_190413.apk,games
com.muzhiwan.gamehelper.memorymanager_110.apk,games
com.yinhan.skzh.qihoo_108.apk,games
com.tencent.clover_110660.apk,games
pixibots.games.getthenut.com_3_140923.apk,games
com.mgc.stickman.rope.hero.two_5.apk,games
pl.idreams.pottery_191300.apk,games
eu.dreamup.speedracingultimatefree_36.apk,games
ppl.unity.JuiceCubesBeta_15902.apk,games
com.triadgene.fleetcombat_gp_135_182018.apk,games
nl.dotsightsoftware.pacificfighter.release_45.apk,games
org.tinghood.TpsForMobile_360_270.apk,games
com.snailgame.panda.qihoo360_152.apk,games
com.jjh.qihoo.Fish_61206.apk,games
com.xn.sdo.m360_201.apk,games
com.forthblue.pool_34.apk,games
com.halfbrick.jetpackjoyridepaid_1365_185312.apk,games
com.ldw.android.vf.lite_327411.apk,games
com.bestartlogic.game.bubbleshooter_3373.apk,games
com.icloudzone.CrazyGrandpa_303.apk,games
com.bf.ERShuangKou_447.apk,games
com.hg.townsmen7free_62.apk,games
com.zhuoyigame.srddz.android.qh_191.apk,games
com.doudizhu.mainkuaile_4580.apk,games
com.miragine.MiragineWar_267.apk,games
cn.ultralisk.balala4_216.apk,games
com.ddianle.lovedance.qh360_98.apk,games
com.joymore.fbbsoc.gamedo.qihoo_1020203.apk,games
de.appsfactory.lhoo_2013082901.apk,games
com.hummingbird.zhaoqin.qitian360_94460.apk,games
pl.macaque.bunny_6.apk,games
com.papegames.evol.qihoo_53.apk,games
com.outfit7.mytalkingangelafree_120013020.apk,games
com.yingxiong.dfzj.qihoo360_48040.apk,games
jp.co.idac.castleofillusions_1001_181533.apk,games
com.galapagossoft.trial_35_112416.apk,games
com.playrix.township.chukong.qihu_690.apk,games
com.yingxiong.hero.qihoo360_17.apk,games
com.king86.qsgwmb.qihu360_683.apk,games
com.westriversw.CatWar_22_192300.apk,games
com.babeltime.fknsango_360_83.apk,games
com.sg.raiden.qihu_830.apk,games
com.glu.deerhunt2_2081.apk,games
com.batteryacid.highwayrider_1100201.apk,games
com.gameley.runningman5.qihu_10029.apk,games
com.youxibang.bwlb2.gamestrategy_2300.apk,games
com.tencent.game.SSGame_461673.apk,games
com.brianbaek.popstar_530.apk,games
com.netease.mrzh.qihoo_120.apk,games
com.tov.google.ben10Xenodrome_20170301.apk,games
com.tencent.pao_162.apk,games
com.firemaplegames.games.thesecretofgrislymanor_20161102.apk,games
com.dddwan.summer.fondant_54.apk,games
com.racergame.cityracing3d_69300.apk,games
com.hcg.cok.cn360_712.apk,games
com.sincetimes.dragonfarmii.qihoo_25.apk,games
com.wanmei.mini.condor.qh_112.apk,games
com.bantu.zqtx.qihoo_101.apk,games
com.netease.wyclx.qihoo_15.apk,games
com.outfit7.talkingtom.qihoo_370.apk,games
com.lonedwarfgames.tanks.androidpaid_20140610.apk,games
cn.android.activity_131.apk,games
wb.gc.xmxx.zxb.qh_20151260.apk,games
lqs.kaisi.kdlianliankan_220.apk,games
com.tencent.KiHan_1031018004.apk,games
com.zl.game.candyline_42.apk,games
com.tencent.feiji_80.apk,games
com.skymoons.seer.a360_3000.apk,games
net.mountainsheep.minigore2_95583.apk,games
com.ggnes.supermario4in1_44.apk,games
com.xiaoao.riskSnipe_61.apk,games
com.shuangkouHD_647.apk,games
com.chillingo.rockrunners.android.rowgplay_100.apk,games
com.thankcreate.StrangeAdventure_21.apk,games
com.heixin.ertonggangqin_25_161203.apk,games
bubei.mouse_1002.apk,games
com.qqgame.hlddz_195.apk,games
air.com.oranginalplan.weaphones_2003000.apk,games
com.windplay.sjh.qh_195.apk,games
net.kairosoft.android.restaurant_ja_12.apk,games
com.ipeaksoft.keng7_3007.apk,games
com.gameloft.android.ANMP.GloftKRHM_16091301.apk,games
com.yodo1tier1.ido360.SkiSafari_23702.apk,games
com.st.tank.qihoo_20181224.apk,games
com.qianhuan.ttmwy.qihoo360_62.apk,games
com.game.shns.a360_140.apk,games
com.gt.game.ballanceball_138_224628.apk,games
com.ipeaksoft.pitDadGame3_7006.apk,games
com.digitalchocolate.rollnyfull_15_154256.apk,games
com.julian.fastracing_7.apk,games
com.feamber.racing4.qihoo_188.apk,games
com.hg.frozenfrontfree_45.apk,games
com.netease.zmq.qihoo_1001011.apk,games
com.ledou.mhhy.m360_24.apk,games
com.sohomob.battlefindthedifference_9.apk,games
com.skymoons.hqg.a360_470.apk,games
com.tuyoo.doudizhu.maintu_4590.apk,games
lqh.china.samestar_5001.apk,games
com.crossfield.namsterlife_265.apk,games
com.manonmoon_6_132501.apk,games
com.chengyu.guess_4000000.apk,games
com.ultralisk.game05.qihoo_52.apk,games
com.madhead.brainlab2pro_3.apk,games
com.likeapp.game.bubbleshooter_179.apk,games
com.sxiaoao.feijidazhan_69.apk,games
com.happyelements.AndroidClover.www_40.apk,games
com.nwi.london2012_162.apk,games
com.gamevil.plantswar.glo.cn_1002.apk,games
com.lqs.kaisi.bill_164.apk,games
com.game.sgz.a360_20201.apk,games
com.StudioOnMars.CSPortable_140300.apk,games
net.chobin.android.psdx_2_115408.apk,games
com.happylabs.happymall_61.apk,games
com.wanmei.zhuxian.one360_1610.apk,games
com.netease.mc.qihoo_840055302.apk,games
com.tencent.tmgp.cf_291.apk,games
com.hor.guess_180.apk,games
com.tuyoo.scmahjong_45700.apk,games
com.hxjy.union.qihoo_189988.apk,games
com.popcap.pvz2360_903.apk,games
com.qzyx2.union.qihoo_1806251037.apk,games
com.minitech.miniworld.qihu_8453.apk,games
com.babeltime.fknsg2.qihoo_6481.apk,games
org.motu.iGame_360_520.apk,games
com.pape.nuannew.qihoo360_85952.apk,games
com.tencent.WeFire_8070.apk,games
com.gameinsight.battletowersandroid_54.apk,games
cn.kk.xyj.p44755_360_1_7.apk,games
com.ledo.kof97ol.az.android360_80.apk,games
com.game.BMX_Boy_24.apk,games
com.Lxd.Bearsfantasyspace.qihu_166.apk,games
com.yodesoft.android.game.yopuzzleKidsJigsaw_2927.apk,games
com.yunchang.buliangren.qihu_460.apk,games
com.gamelion.DrawSlasher_5_143508.apk,games
com.wemomo.tielu.qihoo_163.apk,games
com.netease.g10.qihoo_1024946.apk,games
com.fingersoft.hillclimb_151.apk,games
com.sillycube.android.paperwar2player_8_162710.apk,games
com.outfit7.talkingtom2free_2930.apk,games
com.netease.dtws.qihoo_424421.apk,games
com.headupgames.bridgeconstructor_307251.apk,games
com.cedarhillgames.EmissaryOfWar_714115.apk,games
com.meiqi.sdyxz.android.one360_220.apk,games
www.gamecolt.com.badminton2_141022.apk,games
com.mabang.qwpdk.qihoo_1.apk,games
com.sincetimes.games.worldship.qihoo_20190307.apk,games
com.noumena.android.olcn_7.apk,games
com.pocketmon.qihoo_3002008.apk,games
com.pwrd.lhj.one360_150.apk,games
com.cqhqh.slider_1.apk,games
com.youzu.xyneg.qihoo360_190.apk,games
com.jiyu.lastx.cn.qihoo_1047.apk,games
com.gamebox.kingm360_80.apk,games
com.sxiaoao.moto3dOnline_90.apk,games
com.ledou.mhdtw.qh_1001.apk,games
com.jjsgz.ysh.pld.qihoo_3251.apk,games
com.hyj.hqfy.qihoo_110524.apk,games
com.leniu.lmcs.qihoo_27.apk,games
com.kunlunyouxi.bleach.qihoo_8.apk,games
cn.ultralisk.game30.qihoo_115.apk,games
com.kukool.game.majiang.qihoo_8.apk,games
com.tencent.pygame.qihoo_1.apk,games
com.lxd.baimeng.seer.qihu_250.apk,games
com.shunzhuo.plantsVsZombie4.egame_5.apk,games
com.wali.ak.qihoo_205580.apk,games
com.ltgame.tank.sj360_2.apk,games
com.qihu.RunningSEER.qihu_113.apk,games
com.dajizhuan.Bearjoy.qihoo_5.apk,games
com.wqhy.bwzx.cn360_383.apk,games
com.acingame.jljjjh.yx360_7.apk,games
com.ltgame.cs.c360_3.apk,games
com.shenghe.wzcq.qihoo_91.apk,games
com.hoolai.jswl.qihoo_256.apk,games
com.snk.kofworld.qihoo360_130.apk,games
com.pdragon.new2048_470.apk,games
com.danji.poptetris_s2_4.apk,games
com.msymobile.warwingscn.qihoo_957.apk,games
com.fkdy.zhangzu.qihu_66.apk,games
org.weiyou_107.apk,games
com.klt.sweetylink.tg.qihoo_36.apk,games
net.andwy.fruitpairup_50121008.apk,games
com.vgzjsn.qihoo_20.apk,games
com.blood.zombies_10006.apk,games
com.hoolai.qmzx2.qihoo_30315.apk,games
com.gsdzz.union.qihoo_130.apk,games
com.leniu.ahjx.qihoo_3.apk,games
com.wanmei.torchlight.android.qh360_30200.apk,games
com.xx.dwsd.qihoo_1209.apk,games
com.pook.foodgame.qihoo_7.apk,games
com.ilongyuan.deemo.qiho_3200.apk,games
com.ldfs.zyj.s360.qihoo_163.apk,games
com.ckhd.dl3hxkp.qihoo_1008.apk,games
com.hsi.larj.qihoo_8.apk,games
com.zlongame.lr.qihu_26.apk,games
com.martian.RoomEscape19.Qihoo_666019001.apk,games
com.sg.bjjs.qihu_540.apk,games
com.hoolai.yqfs.qihoo_43.apk,games
com.fingerfun.zbsg.qihoo_29.apk,games
com.ifree.cardCHS.qihoo_11014.apk,games
com.xlcw.hxct.mgdd.qihu_74.apk,games
com.manling.ftj.qihoo_22.apk,games
com.hcplay.bloodwulin2.qihoo_8.apk,games
com.happy.chinesechess_4585.apk,games
com.hxlm.hc.qihoo_134.apk,games
com.netease.wotb.qihoo_50801265.apk,games
com.easytech.ew5.qihoo_10.apk,games
com.lingdong.qihu_1032.apk,games
com.mjsjgame.mjsj.qihoo_1016.apk,games
com.wr.xpet.qh360_161.apk,games
com.bantu.sgzlbz.qihoo_1320.apk,games
com.wdjq.qihoo_1000.apk,games
com.netease.h48.qihoo_18.apk,games
com.yhgame.xh.qihoo_340.apk,games
com.yunbu.badmintonleague.qihoo_30161224.apk,games
cn.mobile.market.yakyuken_1.apk,games
com.androidemu.gbapmgreen2_9987671.apk,games
com.xinxing.yugioh.qihoo_148.apk,games
net.yhyx.car.qihu_62.apk,games
com.argtgames.fksaiche_5.apk,games
com.uc108.mobile.mjzz.qh360_14.apk,games
com.aoyou.zgmr.qihoo_6502.apk,games
com.regin.tjxs360_50.apk,games
com.rastar.dfws2.qihoo_105000.apk,games
onyuan.weiqi.qihu_34573.apk,games
com.snailgame.lineage.qihoo360_46.apk,games
com.changle.fistfight.sj360_3.apk,games
com.fl.msg.qihoo_107.apk,games
com.xiaoao.dinopets.qihu_38.apk,games
com.ztgame.dcf.qihoo_24.apk,games
com.ddianle.otome.qh360_22.apk,games
com.qihu.kungfuofpigman.qihu_106.apk,games
com.sesame.zgjjgame.qh360_203.apk,games
com.xiaoao.BumperCar.qihu_18.apk,games
com.lilithgame.abis.qihoo_1.apk,games
com.radical.huangshangjixiang.qh360_5300.apk,games
com.dahuatong.dwsj.qihoo360_4070000.apk,games
com.next.netcraft.qihoo_175.apk,games
com.jks.mengchongmxj.qihu_19.apk,games
com.jiayi.zzzz.m360_11.apk,games
com.cmge.xianjian.a360_480.apk,games
com.soco.veggies3_360_1610121.apk,games
com.yuemian.ftyears.tafangGJ.qihu_6.apk,games
com.u9time.wzqy.qihoo_2.apk,games
com.xuangames.yj.qihoo_300.apk,games
cn.ten10.games.weiwei.qihoo_2.apk,games
com.newpt.srddz.sanliuling_134.apk,games
com.zqgame.zscq.qihoo_29.apk,games
com.suibianwan.dxzp.sbwzp.p360_60.apk,games
com.yifeng.star.qihoo_93.apk,games
org.LearningFull.com_1.apk,games
