com.qmhy.llxk.qihoo_12.apk,games_new
com.ftaro.metalsoldier.qh360_1171.apk,games_new
com.jysg.sx.xy360_6.apk,games_new
com.xianyugame.zjzr.qh_1548754138.apk,games_new
com.pdragon.diamondmerge_175.apk,games_new
com.gzcy.magicbackofdragon.qihu_151.apk,games_new
com.jiayi.mxcq.m360_40.apk,games_new
com.d3z2.union.qihoo_67639.apk,games_new
com.bf.sgs.qh360_158.apk,games_new
cn.motiontek.android.game.baduanjin_1_144736.apk,games_new
com.hlfs.qihoo_14.apk,games_new
com.alioth_1_185529.apk,games_new
com.taiyouxi.qihoo360_573200.apk,games_new
cn.mobage.g12000119_170.apk,games_new
com.xiaoao.tinytroopers2.qihu_45.apk,games_new
com.shandagames.falloutshelter.qihu360_23.apk,games_new
com.lz.hero.fkdmx.qihoo_12.apk,games_new
com.sg.atm4.qihu_400.apk,games_new
com.snailgames.mydinosaur.qihoo360_116.apk,games_new
com.com2us.smon.qihu360.freefull.qihu360.cn.android.common_1350.apk,games_new
com.xuegao.WaterMarginHeros.qihu_40.apk,games_new
com.lilithgame.sgame.qihoo_20190227.apk,games_new
com.zlongame.fzdl.qihu_55.apk,games_new
com.Lxd.DargonWarriorRace.qihoo_305.apk,games_new
com.handloft.dajialaizhaocha2_sinas_1_162954.apk,games_new
com.netease.zjz.qihoo_484521.apk,games_new
com.leju.hccq.qihu360_31.apk,games_new
com.yyshby.qihoo_118.apk,games_new
com.byhlz.byhlz.qihoo_19011601.apk,games_new
com.guluzy.taikongdaFJ.sjxh_122.apk,games_new
com.allfun.dfh.qihoo360_131.apk,games_new
com.crazysports.smarena_41.apk,games_new
com.mxw3ol.qihoo_6.apk,games_new
com.yodo1.sniper3dv2.QIHU360_2200.apk,games_new
com.yunbu.petlove.qihoo_104.apk,games_new
com.yunbu.royalwedding.qihoo_10010.apk,games_new
com.softstar.stardom.qihoo_5.apk,games_new
com.fengguo.shld.android.qihoo_300014.apk,games_new
com.jgwl.hjcj.sll_70.apk,games_new
com.enjoymi.sgzj.qihu360_1068.apk,games_new
com.kolakart.hlw.qihoo_200.apk,games_new
com.intelligame.shirenchong_2.apk,games_new
com.sg.atmrxyx.qihu_250.apk,games_new
com.zwtx.hjatcr.qihoo_27.apk,games_new
com.huandou.ppbtzd.qihoo_430.apk,games_new
com.fish.kr.byks.qihoo_1882.apk,games_new
com.mf.monsterblast.www_130.apk,games_new
com.duole.paodekuai.qihoo_310.apk,games_new
com.gzyr.larva.qihoo_20114.apk,games_new
com.u9time.planet.qihoo_4.apk,games_new
com.feamber.spaceracing2ck.qihoo_118.apk,games_new
com.wesai.huansusaiche.qihoo360_5.apk,games_new
com.k7k7.shuangkouhd.qihoo_10808.apk,games_new
com.hoolai.hzsg.qihoo_103.apk,games_new
com.bbqstudio.bbqq.qihoo_170.apk,games_new
com.windplay.tl.csj.qihoosdk_300013.apk,games_new
com.boyaa.chinesechess.qihoo360_311.apk,games_new
com.wedobest.dgzx_854.apk,games_new
com.cqz.qihoo_891.apk,games_new
com.sgks.hc.qihoo_1712.apk,games_new
com.jdzc2.qihoo_152.apk,games_new
com.pfu.yysg.qh360_170.apk,games_new
com.tnyoo.android.dotaxiyou.qihoo_46.apk,games_new
com.kxhgd.hg1_60.apk,games_new
com.fcool.fksc.xw.qihoo_311.apk,games_new
com.apowo.picatown.lingdong.qihoo360_1008004.apk,games_new
com.skyfire.game.snake.release_2035.apk,games_new
com.yxkx.zzys.qihoo360_10504.apk,games_new
com.by.hjhx.qh360_14.apk,games_new
com.ezfun.dfws.qihoo_2090016266.apk,games_new
com.gzyr.ultraman.qihoo_41935.apk,games_new
com.cynos.qmdzppl.qihoo_4.apk,games_new
com.netease.dwrg.qihoo_85.apk,games_new
com.jingang.xjkp5.qihu_60.apk,games_new
com.innorz.venus_158.apk,games_new
com.tianhai.tmxy.qh360_1100000.apk,games_new
com.xzuson.game.space.qihoo_30.apk,games_new
com.hm.game.jewels_10.apk,games_new
com.qbankilltext.hualu.qihoo_1000012.apk,games_new
com.kfgame.tf.Xdns.qh_19.apk,games_new
com.sanguozhirongyao.qihoo_1116.apk,games_new
com.zhangdong.tankio.ol.qihoo_102.apk,games_new
com.majiang.scmj3.qihoo_4572.apk,games_new
com.uc108.mobile.sdgj.qh360_23.apk,games_new
com.zhangzu.xxkdj.qihu_5.apk,games_new
com.youzu.nslm.ns360_4600304.apk,games_new
com.ddgames.NSGame.qihoo_130.apk,games_new
com.uc108.mobile.qzsl.qh360_24.apk,games_new
com.duole.paohuzihd.qihoo_10900.apk,games_new
com.ultraunited.xialan.rocen.qihoo_8.apk,games_new
com.y2game.yyxy.qihu_200.apk,games_new
com.huorong.papasg.qh_500.apk,games_new
com.hdzdy.game_100.apk,games_new
com.mars.bx.qh_109.apk,games_new
com.qzcs.hc.qihoo_18041721.apk,games_new
com.bilibili.sdmht.qihoo_230.apk,games_new
com.coco.chukong.llcy.qihu_47.apk,games_new
com.ftaro.kingwar.qh360_3608.apk,games_new
com.yinhan.huancheng.qihoo_213.apk,games_new
com.foxugame.GS360_54001.apk,games_new
com.yunbu.flowergirl.qihoo_11703.apk,games_new
com.appabc.paopaolong_7.apk,games_new
com.magicbirds.master.slls_131.apk,games_new
com.wali.jianxiashijie3D.qihoo_3881.apk,games_new
com.miquwan.sgzz.qihoo_1715.apk,games_new
cn.ultralisk.gameapp.balala2.cosmetic_240.apk,games_new
com.leyo.xbcqxzw.a360_157.apk,games_new
com.hulian.mystore.qihoo_5.apk,games_new
com.joym.armorbloodwar.sj360_14.apk,games_new
com.pokercity.hkddz.qihu_31.apk,games_new
com.PGSoul.TuTuRun.egame.qihoo_17.apk,games_new
com.j1game.fjdz.gfyys_34.apk,games_new
com.zhanyouall.manhuang.qihu_6.apk,games_new
com.gaea.gjqt.threesix_42.apk,games_new
com.yuy.bsck.qihoo_10102.apk,games_new
com.easefun.popfruitsSY_10104.apk,games_new
com.idreamsky.mekorama.qh_10.apk,games_new
com.higame.tj.qihu_64.apk,games_new
com.denachina.g13002007.a360_1201.apk,games_new
com.phonepadgames.dragonzuma.qihoo_1.apk,games_new
com.wordtiger.remInsects_2030.apk,games_new
com.game.waroffire.qihu_1024.apk,games_new
com.hq.Ultramanyxcs.qihu_140.apk,games_new
com.tanyu.cjhwy.qihoo_68.apk,games_new
com.mhxy.game.qihoo_22.apk,games_new
com.mostar.MixFarm_2_205151.apk,games_new
com.GF.apcgcncn.hwyad.qihoo_1730.apk,games_new
com.shouxin.gzxy.qihoo_143.apk,games_new
com.Tq.CQ2ClientAndroid.qihoo_25.apk,games_new
cn.ss911.android.qihu_20181210.apk,games_new
com.hirealgame.qmtf.qihoo_430.apk,games_new
com.leishen.zjry.qihoo_151.apk,games_new
com.taplion.tarsylia.android.qihoo_20.apk,games_new
com.tiancity.lqyxz.qihoo_319.apk,games_new
com.flashcat.PocketImmortal.qihoo_151153389.apk,games_new
com.szrt.thelegendofAres.qihu_55.apk,games_new
com.demigame.h5.android.qihoo_36434.apk,games_new
com.joyseasy.ly.strike3.qihoo_6922.apk,games_new
com.MeleStudio.FruitLink2016.qihu_13.apk,games_new
com.yifeng.dtw.qihoo_93.apk,games_new
com.soco.veggies4_360_1611301.apk,games_new
com.zsfz.kxmcxxxlz.qihoo_21.apk,games_new
com.sus.ztyy.qihoo_3.apk,games_new
com.bf.xkfyzol.qh360_100.apk,games_new
com.yxgc.ctlyy.qihoo_70.apk,games_new
com.yy.dwyxt.qh360_304000.apk,games_new
com.yaowan.dfh3.qihoo_39.apk,games_new
com.by.fishgame.jjfk.qh360_2000700.apk,games_new
jianghu.lanjing.com.zhushou360_514.apk,games_new
com.uc108.mobile.pysh.qh360_9.apk,games_new
com.pdragon.number_388.apk,games_new
com.chyo.hongjing.cna_100.apk,games_new
com.hmgame.kongkim.qh_6.apk,games_new
com.lixxix.gdy.qihoo_1.apk,games_new
com.yunchang.jlbhd.qihu_60.apk,games_new
com.leiting.gumballs.qihoo_56.apk,games_new
com.by.fishgameqh360_3020100.apk,games_new
com.xiaoao.car3d4_90.apk,games_new
com.martian.candyroom3.Qihoo_666018072.apk,games_new
com.btz.td.qihoo_7.apk,games_new
com.yodo1.ctr2.QIHU360_01_23930.apk,games_new
com.xingjoys.zgirls.qihoo_25665.apk,games_new
com.quhai.nhydol.qh360_21000004.apk,games_new
com.hxfs.dingwan.qh_3.apk,games_new
com.ubisoft.rabbidsrunner.qihoo_2.apk,games_new
com.cqhqh.maze_2016060610.apk,games_new
com.sqage.wohucanglong.qihu360_26.apk,games_new
com.es.mengmobile.qihoo_21.apk,games_new
com.gamebox.king.m360_83.apk,games_new
com.touchtech.yizhipingtu_213.apk,games_new
com.tanyu.lz.qihoo_10.apk,games_new
com.stgame.CQZHFPK.qihoo_2.apk,games_new
com.joymetec.ktss.qh360_9.apk,games_new
com.mobstar.popstarlegend_401.apk,games_new
com.juxiang.huluwa.qihu360_19.apk,games_new
com.netease.cwljd.qihoo_1003.apk,games_new
com.towerguard.game.qihu_1.apk,games_new
com.cqzy.ewan.qihoo2_96.apk,games_new
com.my.CookieCN.sll_1.apk,games_new
com.diyici.rongyaozg.qihoo_121.apk,games_new
com.qka.qkagamemobile.qihoo_101.apk,games_new
org.joynow.dwrun.qihoo_16.apk,games_new
com.netease.lx12.qihoo_18.apk,games_new
com.youzu.bong.qihoo360_637.apk,games_new
com.zmxyol.union.qihoo_821.apk,games_new
cn.ultralisk.game20.qihoo_134.apk,games_new
cn.com.bluepanda.bg_1.apk,games_new
com.joym.fruitkingunion.sj360_13.apk,games_new
com.game.kingDs.fhjq.qihoo_106.apk,games_new
com.qihu.BearLimitejection.qihu_147.apk,games_new
com.yxlrrby.fish_1842.apk,games_new
com.askj.jtyl2.ewan.qihoo_564.apk,games_new
com.baima.lwzr.qihoo360_1900.apk,games_new
com.funplus.familyfarm360_410.apk,games_new
com.xbl.dragonFighterck.qihoo_19.apk,games_new
com.leyo.jzql2.qihoo_1300.apk,games_new
com.longtugame.jymf.qihoo_281.apk,games_new
cn.com.talkweb.sdjipinsaiche.cn360_5.apk,games_new
com.yueye.zhongguofangkuai_19.apk,games_new
com.fortyroad.escapezombieland.qihoo_60.apk,games_new
com.perfectpiano.keyboards.violin_4.apk,games_new
com.xiaoao.free.rawsniper.qihu_30.apk,games_new
com.lc.duelking.qihoo_1806041530.apk,games_new
com.tuyoo.baohuang.main_4571.apk,games_new
ru.crazybit.lost_1914.apk,games_new
com.netease.mhws.qihoo_11106.apk,games_new
com.airuika.hxxys.qihoo_85.apk,games_new
com.youzu.g36.qihoo360_3745.apk,games_new
com.cyou.mrd.bsjzl.qihoo_1170.apk,games_new
com.youzu.dahuangdi.qihoo360_1850.apk,games_new
com.xze.ccmj_71.apk,games_new
com.doudizhu.mainrich_4580.apk,games_new
com.nowheregames.lovegame.qihoo_4.apk,games_new
com.wxhf.erzhanjuji.qh360_3070.apk,games_new
com.playbei.popstarbaoshiqiyuan_101.apk,games_new
com.uc108.mobile.zhji.qh360_22.apk,games_new
com.zsfz.wacf.qihoo_13.apk,games_new
com.sg.atmkpzw.qihu_360.apk,games_new
dev.fcworks.Pool.Qihu_4.apk,games_new
com.zcq.hardtime.qihoo_150.apk,games_new
com.xianyugame.rysyr.qihoo_10071.apk,games_new
com.joym.bearfarm.sj360_54.apk,games_new
com.mofajy.qihoo_3.apk,games_new
com.shouxin.hwby.qihoo_31.apk,games_new
com.gamegou.fm.qihoo_156.apk,games_new
com.yunchang.pisces.qihu_10018.apk,games_new
com.huanyu.fengbaozhizheng.qihoo_14.apk,games_new
com.quanmai.pmp.qihoo_120.apk,games_new
com.wxws.aowan.xy360_11.apk,games_new
com.yingxiong.qihu.Android.doudou_1110.apk,games_new
com.limboworks.honorofcup.qihoo_4009000.apk,games_new
com.orange.org_player_new_alone748794.qihu360_1001181024.apk,games_new
com.mxddj.hc.qihoo_1.apk,games_new
com.uc108.mobile.wfbj.qh360_30.apk,games_new
com.zhicheng.sapolang_6.apk,games_new
com.lyhd.qxzl.qihoo_10008.apk,games_new
com.netease.dhhzl.qihoo_28.apk,games_new
com.hq.Ultramancszzdd.qihu_170.apk,games_new
com.zengame.hnpdk.qihoo_303102.apk,games_new
com.tuyoo.junqi.qihoo_4589.apk,games_new
com.taojin.dungeon.qihoo_56.apk,games_new
com.appabc.bhxxl_6.apk,games_new
com.ourpalm.buliangren.c360_150.apk,games_new
com.sanguozhinu.yijie_111.apk,games_new
com.shangjiang.zs.qh360_10100.apk,games_new
com.pet.shyl_12.apk,games_new
com.digitalsky.girlsfrontline.cn.qihoo_363.apk,games_new
com.doudizhu.mainhuanle_4580.apk,games_new
com.chyo.fleet.p360_1130.apk,games_new
com.bldgame.bbzhg.qihu_15.apk,games_new
com.bbd.union.qihoo_549.apk,games_new
com.yhgame.shediao.qihoo_79.apk,games_new
cn.com.miq.ranch_8.apk,games_new
com.fugame.pmgame.askd.qihoo_10.apk,games_new
com.zlongame.mhmnz.qihu_110.apk,games_new
com.imohoo.balalarun3d_27.apk,games_new
com.gu.game.qmmcxxl_1.apk,games_new
com.king86.ArmorHero.Qihoo_170.apk,games_new
com.xhtt.lhlt.qihoo_109.apk,games_new
com.joym.legendhero.sj360_47.apk,games_new
com.bantu.dwz_190.apk,games_new
com.qjzj.jiahe.qihu_1.apk,games_new
com.bilibili.blhx.qihoo_1902.apk,games_new
com.lxlx.car.lianxu_150302.apk,games_new
com.bantu.tryfz.qihoo_101.apk,games_new
cn.ultralisk.game25_134.apk,games_new
com.pdragon.bubble_178.apk,games_new
com.huale.justicearrive.sj360_37.apk,games_new
com.baitian.pjy.jszb.qihoo_11.apk,games_new
com.uc108.mobile.jsbg.qh360_26.apk,games_new
com.ilink.yaoshenzhuan.qihu360_10034.apk,games_new
com.duwan.dwsg.qh360_1300.apk,games_new
com.bie.CrazyCar.qihoo_38.apk,games_new
com.laixia.trivia.qihoo_26.apk,games_new
com.tencent.tmgp.ml.lhxy.qh360_1.apk,games_new
com.zhuohuamg.daomu.qihoo360_131772.apk,games_new
com.gaea.shanhai.threesix_43.apk,games_new
com.hoolai.xjjby.qihoo_2007000.apk,games_new
com.qzyx.union.qihoo_1808291445.apk,games_new
com.youkia.death.a360_110.apk,games_new
com.wzsjkkkwan.QIHU_1092.apk,games_new
com.ourpalm.tk2.c360_155.apk,games_new
com.orange.org_player_new_alone536332.qihu360_1001180306.apk,games_new
com.martian.RoomEscape15.Qihoo_666019001.apk,games_new
cn.gamejelly.gong.qihoo_5.apk,games_new
com.douzi.wrddz.qihoo_2019010301.apk,games_new
com.netease.hyxd.qihoo_61.apk,games_new
org.islq.adr_440.apk,games_new
org.egret.java.chuane_20180928.apk,games_new
com.joygames.mtj.qihoo_202.apk,games_new
com.kxmsc.qihoo_20.apk,games_new
com.uc108.mobile.gxni.qh360_15.apk,games_new
com.tq.my.sll_230.apk,games_new
com.shanghailvbing.hhw.h360_81.apk,games_new
com.lestar.elf.qihoo_65.apk,games_new
com.tianmashikong.qmqj.qihoo360_1100.apk,games_new
com.yxl.zhenrenfengkuangbuyu.qihu_1882.apk,games_new
com.leadjoy.mk.qihu360_26.apk,games_new
com.longtugame.qjmu.qihoo_67.apk,games_new
lqy.gj.legend.com_19.apk,games_new
com.crazyant.TinyFatter.qihoo_19.apk,games_new
com.bf.PaoDeKuai_101.apk,games_new
com.jg.dtszj.sll_180.apk,games_new
com.east2west.mimpi_100011.apk,games_new
com.taojin.dungeon2.qihoo_20.apk,games_new
com.kx.pqj.qihoo_1001001.apk,games_new
com.netease.kfpanda3.qihoo_82216.apk,games_new
com.ykyx.fzjw.qh_32000.apk,games_new
com.mirun.cba.kaixin_15.apk,games_new
com.qihu.Dreamofpigpigman.qihu_101.apk,games_new
com.sqr.hzj_6.apk,games_new
com.zj.tdplants_2.apk,games_new
com.chumeng.bjxf.qihu360_4.apk,games_new
com.xyj.wan_104.apk,games_new
com.qihoo.gamecenter.sdk.demosp_20170623.apk,games_new
com.mewe.wolf_1373.apk,games_new
com.leyo.cjfx3.qihoo_7994.apk,games_new
com.bxfr.union.qihoo_310.apk,games_new
com.ejoy.farm.momomulti.qh360_6.apk,games_new
com.bingougame.tgsw.qihoo_42090.apk,games_new
com.ktgame.wzgl.threesix_390.apk,games_new
com.gg.mengwuol.qihoo_1400.apk,games_new
com.rxsyr.qihoo_27.apk,games_new
com.guandan_60204.apk,games_new
com.wanmei.qmfish_40000.apk,games_new
com.pdragon.jigsawpuzzle_295.apk,games_new
com.q1.YZSY.android.qihoo_14.apk,games_new
com.gamecoolsoft.daysnipe_40.apk,games_new
com.loyalsoft.gplan2.qihu_15.apk,games_new
com.beiz.lolaspicnic_20.apk,games_new
com.martwentythree.sag.qihu_220.apk,games_new
com.xuegao.ftyearsGJ.qihu_100020.apk,games_new
com.qileyx.ddz.qihoo_375.apk,games_new
com.qidian.dldl.qihoo_21.apk,games_new
com.yifeng.linklink.qihoo_91.apk,games_new
com.sg.atmjjw.qihu_390.apk,games_new
com.yunbu.magicprincess.qihoo_10004.apk,games_new
com.netease.ldxy.qihoo_134.apk,games_new
com.joym.runningbear.sj360_29.apk,games_new
com.shandagames.valkyrie.qihu360_251.apk,games_new
com.transmension.justsing_366.apk,games_new
com.ea.android.chs.nbamobile.qihoo_43304.apk,games_new
com.gzlxd.xcmzcldzw.qihu_568.apk,games_new
cedong.game.venus.qihu_34.apk,games_new
com.soulgame.bubbletwo_20166.apk,games_new
com.by.csgj.qh360_3.apk,games_new
com.mmpay.quanmingtg_7.apk,games_new
com.qianhuan.bwtx.qihoo360_34.apk,games_new
com.netease.mjdjx16.qihoo_512.apk,games_new
com.zhangqu.game.tank3D.m360_167.apk,games_new
com.kairogame.android.ParkDog.qihoo_3.apk,games_new
com.bantu.sgzdwz.qihoo_101.apk,games_new
com.mf.fdjj.sjxh_1.apk,games_new
com.lori.app_220_112603.apk,games_new
com.funplus.awlzw.sll_1531.apk,games_new
com.youzu.djlw.qihoo360_33.apk,games_new
com.pdragon.fangkuai_264.apk,games_new
com.sg.atmyhswd.qihu_210.apk,games_new
net.igamesocial.dapp_1.apk,games_new
com.housetime1.qihoo_56.apk,games_new
com.doudizhu.mainwild_4580.apk,games_new
com.xiaoao.car3d5.qihu_27.apk,games_new
com.jietu.tgame_57.apk,games_new
com.langyou.niukou_20.apk,games_new
com.cyou.djdsz.qihoo_965.apk,games_new
com.humblegames.fightingx.a360_12201.apk,games_new
com.bee.heromusic.qihu_9300.apk,games_new
com.sg.atmlmzbbcr.qihu_360.apk,games_new
com.martian.RoomEscape24.Qihoo_666019001.apk,games_new
com.dldb.MiaoTom.qihoo_22.apk,games_new
com.ml.xfdg.qihoo_201.apk,games_new
com.yunbu.arcadepool.qihoo_10403.apk,games_new
com.netease.dhxyrxb.qihoo_10390.apk,games_new
com.lxd.SehzAresunique.qihu_131.apk,games_new
com.jljh.igame.qihu_11.apk,games_new
com.boomgames.mzws.qihoo_1001.apk,games_new
com.miHoYo.HSoDv22144.qihoo_226.apk,games_new
com.eglsgamea.ah2.qihu_1010.apk,games_new
com.chujian.luanhongsgz.s360_133.apk,games_new
com.netease.wjdld.qihoo_100000391.apk,games_new
com.fy.twfy.qihoo_1940.apk,games_new
com.moli.xdxg_108.apk,games_new
com.poketec.landlord.qihoo_340.apk,games_new
com.nd.he.qihoo_20000.apk,games_new
com.duowan.huanjuwan.shark_444.apk,games_new
com.congyu.xrzp.qihoo_112.apk,games_new
com.gzyr.ppbzwzzx.qihoo_15.apk,games_new
com.tiw.main_22.apk,games_new
com.youxun.xfjdz.qihoo_108.apk,games_new
com.kukool.game.ddz.platform.appstyle_41.apk,games_new
com.ttmc.xingfeiinc.qihoo_126.apk,games_new
com.doudizhu.mainday_4580.apk,games_new
com.joym.xiongdakuaipao2018.sj360_20.apk,games_new
cn.limsam.pdk_290.apk,games_new
com.sincetimes.modernship2.qihoo_13.apk,games_new
com.soulgame.garfield_123.apk,games_new
com.frfxz.qihoo_6.apk,games_new
com.youai.hummingbird.dqdgjq.aihoo_45004.apk,games_new
com.zcjoy.hlsrddz.android.qh_197.apk,games_new
com.gd.nevergone.qihoo_1.apk,games_new
com.sg.wzwljs.qihu_250.apk,games_new
com.joym.xiongdakuaipao360_106.apk,games_new
com.noahfantasy.pets.qh360_50.apk,games_new
com.cnzs.union.qihoo_18052211.apk,games_new
com.sg.cjfxjjzs.qihu_290.apk,games_new
com.touchtech.shuxue_213.apk,games_new
com.sxiaoao.fatpebble.clayjam.qihu_1160902.apk,games_new
com.pdragon.popanimal_404.apk,games_new
com.junhai.sghj.qihoo_2.apk,games_new
net.uuapps.play.fivechess_21.apk,games_new
com.kugou.talking_1010_151612.apk,games_new
com.quakegame.qzkp_1.apk,games_new
com.chuhao.candygame_6.apk,games_new
com.saturngame.kdnx.qihoo_70.apk,games_new
com.yhgame.xxjj.qihoo_20.apk,games_new
com.shangjiang.wlzd.qh360_1000401.apk,games_new
com.jianyou.jszzj.qihu360_10404.apk,games_new
com.jiupin.aqgy.qihoo_230.apk,games_new
com.jtyx.hxjj_1001.apk,games_new
com.youzu.tsjy.qihoo360_54.apk,games_new
com.soulgame.bear_152.apk,games_new
com.tuyoo.fish.qihu360_41000.apk,games_new
com.syhd.tdlz.qihoo_102.apk,games_new
com.k7game.app.black7.sdy.qh360_30.apk,games_new
com.cbfq.srddz.sanliuling_240.apk,games_new
com.gameloft.android.ANMP.GloftDKEG_26620.apk,games_new
com.yjdyc.aoyou.qihoo_17.apk,games_new
com.yinhu.sdk.shcb.qihoo_6.apk,games_new
com.sky.ewarriors4.qihoo_109.apk,games_new
com.ldbys.union.qihoo_31.apk,games_new
com.fish.ty.kr.qihoo_41010.apk,games_new
com.xxyx.union.qihoo_105.apk,games_new
com.sencatech.game.dungbeetle_7.apk,games_new
com.uqee.mengxin.qihoo_16.apk,games_new
com.SuperOfFleet.QIHU_70.apk,games_new
com.tuyoo.gomoku.main_4589.apk,games_new
com.dkm.dldl2.qihoo_13.apk,games_new
com.zhizhang.shaizi_20160901.apk,games_new
com.ppgames.StarDream_33.apk,games_new
com.wanda.sdyxzbt.qihoo_10050000.apk,games_new
com.wepie.jumpball.qihoo_1014.apk,games_new
com.pokercity.bydrqp.qihu_502.apk,games_new
com.phoneu.goldtoadfish.qihoo417_10140001.apk,games_new
com.npc.weapongirl.qihoo_6.apk,games_new
com.uc108.mobile.qzsm.qh360_15.apk,games_new
com.uc108.mobile.cdml.qh360_48.apk,games_new
com.xinyugame.wcg.qh_100010500.apk,games_new
cn.flytalk.shudu_62.apk,games_new
com.sg.ld2018.qihu_240.apk,games_new
com.leyo.mxsg.qihoo_1400.apk,games_new
com.jimei.xsanguo.qihoo_25.apk,games_new
com.netease.tx.qihoo_111.apk,games_new
com.ml.zjbz.qihoo_106.apk,games_new
com.netease.hwfz.qihoo_90.apk,games_new
com.fengguo.wpjz.qihu_10505.apk,games_new
com.bblm2.jiahe.qihoo_10.apk,games_new
com.locojoy.qihoo360.immt_a_chs_8300.apk,games_new
com.ultralisk.balala3_212.apk,games_new
com.feiyang.jixian.liekong_24.apk,games_new
org.youai.piaomiaozhujian_20180814.apk,games_new
com.zhangdong.liaozhaiol_4.apk,games_new
com.wanmei.qkfish_5901.apk,games_new
com.netease.soulofhunter.qihoo_113.apk,games_new
com.bairimeng.dmmdzz.qihoo_484000.apk,games_new
com.kingstoy.zqmzd.qihoo_4.apk,games_new
com.braygame.bc.qihoo_1104.apk,games_new
com.hck.Piano_1.apk,games_new
com.huale.agentteam.sj360_1.apk,games_new
com.xuegao.god.qihu_10.apk,games_new
com.zoxun.match.guangdmj.mixed.qihoo_210.apk,games_new
com.shrw.qyj.qihoo360_168.apk,games_new
com.bodhi.TalkingBodhi_1.apk,games_new
com.leju.zmr.qihu360_28.apk,games_new
com.yshy.hsfish.qihoo_36.apk,games_new
com.xiaoao.jlbzj.qihoo_11.apk,games_new
com.dobest.new2048_470.apk,games_new
com.msjj.union.qihoo_21.apk,games_new
com.muon.legiontd.qihoo_26.apk,games_new
com.sgz.pl.yj.qihoo_5.apk,games_new
com.joym.armorultraman.sj360_15.apk,games_new
com.tyzc.zcry.qihoo_1509418868.apk,games_new
com.csfc.Fishing3D.qihoo_23.apk,games_new
com.tiannagame.qmlw.qihoo_27.apk,games_new
com.shinian.wineleven360_2205.apk,games_new
com.family.pg_1.apk,games_new
com.pkwan.op.qihu_159754.apk,games_new
com.ilongyuan.voez.ly.qiho_1401.apk,games_new
com.qka.buyu.qkagamemobile.qihoo_101.apk,games_new
com.volvapps.ef5.x.qihu_17.apk,games_new
com.mqw.zmsgz.qihoo_43.apk,games_new
com.tt.lqszsy.ftp.qihoo_1030008818.apk,games_new
com.zy.fwy.qihoo_170.apk,games_new
com.xxtjd.union.qihoo_54.apk,games_new
com.yhgame.xy.qihoo_63.apk,games_new
com.cntopgame.game.jellydestiny_106.apk,games_new
com.xsqs.qihoo_59.apk,games_new
com.baitian.pjm.zwfz.qihoo_28.apk,games_new
com.legu.zhanguo.qihoo_141.apk,games_new
com.nxns.union.qihoo_180062001.apk,games_new
com.skyfun.goddesstear.idreamsky.qh_17.apk,games_new
com.szdyb.xxygsw01_1492.apk,games_new
com.dmlt.csjy.qihoo_16.apk,games_new
com.pdragon.popballoon_313.apk,games_new
com.cxzgame.jiejifish_133.apk,games_new
org.mxxx.suyou.qycom.qihu_44.apk,games_new
com.blackwings.sgzdz.qihoo_58975.apk,games_new
cn.ultralisk.gameapp.balala2.manicure_220.apk,games_new
com.monvzhilian.qihoo_11.apk,games_new
com.bianfeng.phoenixAnhui_163.apk,games_new
com.sdg.castleanddragon.mz.qihoo_3080000.apk,games_new
org.cocos2dx.BaoHuang.qihu_589.apk,games_new
com.chudustar.sxmj.qihoo_1.apk,games_new
com.sg.hlw2.qihu_680.apk,games_new
com.haoduoyu.daiding_7.apk,games_new
com.dpxx.union.qihoo_1680.apk,games_new
com.qihoo360.mobilesafe.ccytk_34.apk,games_new
com.ilongyuan.sdorica.qihoo_53.apk,games_new
com.skogame.yhjd.qihoo_2.apk,games_new
com.qianhuan.kkmszj.qihoo360_6.apk,games_new
com.netease.index.qihoo_118313.apk,games_new
com.zhangzhu.warhero.qihu_26.apk,games_new
com.i3game.djxxx_45.apk,games_new
com.qikuai.yq2.C360_17.apk,games_new
com.i3game.acxxl_1.apk,games_new
com.sencatech.game.bathroom_25.apk,games_new
com.wanda.sdyxz.qihoo_10070000.apk,games_new
com.netease.sq.qihoo_45200.apk,games_new
com.assistant360.wscs_5002000.apk,games_new
com.prgame5.fish2.online_900176.apk,games_new
com.fingerfun.sgjgf.qihoo_401.apk,games_new
com.tciplay.doa5if.qihoo_800.apk,games_new
com.xuegao.luoliGJ.qihu_100003.apk,games_new
com.gzcy.Dragonwarrior.qihu_176.apk,games_new
com.dj.ahls.qihoo_28.apk,games_new
com.duole.guandanhd.qihoo_10906.apk,games_new
com.yy.qpbyol360_12.apk,games_new
com.argt.xjcs.qihoo_15.apk,games_new
com.demo.sinoe.jiangzidemo_1.apk,games_new
com.martian.RoomEscape21.Qihoo_666019001.apk,games_new
com.mj.aiyouqd.qihoo_15.apk,games_new
com.anzhuojpzmg.ckhd.qihoo_1902221151.apk,games_new
com.catstudio.nekostory.qihoo_10311.apk,games_new
com.shanggame.tssy.s360_3700.apk,games_new
com.coolfun.sgcs.qh_187.apk,games_new
cn.ultralisk.gameapp.game06.net4_220.apk,games_new
com.joym.Warrior.sj360_39.apk,games_new
com.hht.tktx_7.apk,games_new
com.yunbu.halloween.qihoo_10006.apk,games_new
com.wanda.xuankongcheng.qihoo_17.apk,games_new
com.yoyo_4.apk,games_new
com.Aibelive.AiwiMobile_18.apk,games_new
com.lexinyou.game.dragon.m360_409.apk,games_new
com.m2.xqlmw.qihu_10104.apk,games_new
com.hgqn.braveofinvincibleseer.qihu_223.apk,games_new
com.shiyue.xfhx.sy_105040.apk,games_new
com.dyspace.gmsz.qihoo_100260.apk,games_new
com.snailgames.taiji3d.qihoo360_127.apk,games_new
com.xiaoao.moto3d2.qihu_52.apk,games_new
com.leyo.khtj.qihoo_1165.apk,games_new
com.tlpx.sy.sll_13.apk,games_new
com.iwangames.crazyball.qihu_169.apk,games_new
com.Fancy.jay.qihoo_33.apk,games_new
project.race2_17.apk,games_new
com.tnyoo.fps.qihoo_26.apk,games_new
com.yunbu.cookingchef.qihoo_10104.apk,games_new
com.funkiigame.cityblockade.qihu_24.apk,games_new
com.yaowan.xyfmj.qihoo_5.apk,games_new
com.boxoff.king.qihoo_100052.apk,games_new
com.dbz.qihu_20209.apk,games_new
com.gaea.xianjian.threesix_86.apk,games_new
com.jumpw.mobile.qihu_1371.apk,games_new
com.uc108.mobile.qzss.qh360_29.apk,games_new
com.xishanju.mysy.qihoo_320.apk,games_new
com.leqi.buyu.qihoo2_31.apk,games_new
com.ouc.cjlbtaF.sjxh_760.apk,games_new
com.nzhy.cqll.qihoo_102.apk,games_new
com.llinu.game.jfzhjjdtl.qihoo_1.apk,games_new
com.youzu.wzqj.qihoo360_76.apk,games_new
com.XXX.XCMZCLWZ.eagme.qihu_135.apk,games_new
com.netease.zztj.qihoo_16.apk,games_new
com.hualu.mhyx3d.qihu360_7.apk,games_new
com.ourgame.mahjong.danji.qihoo_23301.apk,games_new
com.baimagame.mini4wdhardcore.qh360_77.apk,games_new
com.gamefps.cnc.qihoo_22.apk,games_new
com.leju.zsz.qh360_31.apk,games_new
com.skymobi.baojixiaoguaiwu_3.apk,games_new
com.world.fish.qihoo_11210.apk,games_new
com.xianyugame.zzdzz.qihoo_4.apk,games_new
com.locojoytj.dd2.qihu_32.apk,games_new
com.tinmanarts.ILoveEatingCandyPhone_8.apk,games_new
com.xuegao.GodGJ.qihu_100014.apk,games_new
com.changle.lightningares.sj360_1.apk,games_new
com.tongren.sgxyjz.qihoo_110.apk,games_new
com.babeltime.ckart.qihoo_147.apk,games_new
com.sygame.jingubang.p360_79.apk,games_new
com.xingmeng.tjj.qihoo_4.apk,games_new
com.androidemu.gbapmgreen_9987632.apk,games_new
com.zengame.ynsnzds.qihoo_6.apk,games_new
com.EastFantasy.EastWW.ef360_180723.apk,games_new
com.forgame.meimei.qh360_2019011400.apk,games_new
com.xf.lcby.hede.sdk360_51.apk,games_new
com.yodo1.skisafari2.QIHU360_01_16100.apk,games_new
cn.ultralisk.gameapp.balala2.icecream.v2_200.apk,games_new
com.cyun.apps.ppjl_1740.apk,games_new
com.martian.RoomEscape1.ex_1017041.apk,games_new
com.sxiaoao.feijidazhan2dx_20.apk,games_new
com.jinyougame.martinhero.qihu_226.apk,games_new
com.riverunYijie.warofempire.qihoo_160.apk,games_new
com.hoolai.ttdym.qihoo_16.apk,games_new
cn.ultralisk.game27.qihoo_123.apk,games_new
com.zzjz.hc.qihoo_1011.apk,games_new
com.xiaoao.ultraman.qihu_41.apk,games_new
com.mangofun.dslh.qihoo_30.apk,games_new
com.qzgame.taiyi.qh360_22168.apk,games_new
com.metek.ultraman.qh360_4.apk,games_new
com.volvapps.ef3.x.qihu_402.apk,games_new
com.hd.jiujian.qh360_18.apk,games_new
com.qxmhj2018.qihoo_7.apk,games_new
com.ltgame.xiyou.a360_16.apk,games_new
com.example.chinesechess_4589.apk,games_new
com.ipeaksoft.emeng_2004.apk,games_new
com.tiantong.warrior.qihoo_104.apk,games_new
com.opd2c.athena.qihoo_63.apk,games_new
