NXT.BTMailbox_3.apk,mail
com.yumimoso.smsmailer_8.apk,mail
org.kman.AquaMail.UnlockerMarket_7.apk,mail
com.fonyou.mercury_5.apk,mail
net.allencheng.mircalc_1.apk,mail
fr.artefacto.chartrespetitclos2_1.apk,mail
com.yomail.app_30.apk,mail
com.aos.mm.activity_13.apk,mail
jg.works.yahoo.mail_4.apk,mail
com.sonyericsson.extras.liveware.extension.mail_10207.apk,mail
com.xiaomistudio.tools.finalmail.night_1.apk,mail
com.shixinyun.zuobiao_101.apk,mail
gazizoglu.newfastermail_1.apk,mail
com.beanyogurt.firemail_11.apk,mail
jp.co.dejjis.simplepost_1.apk,mail
com.epiphany.visualmessaging.android_43.apk,mail
cn.lunkr.android_307.apk,mail
net.east.mail_12.apk,mail
net.madroom.gucw2_10.apk,mail
io.whiteout.WhiteoutMail_192.apk,mail
groomiac.voicemailplayer_12.apk,mail
RabiSoft.NewMailNotifier_10.apk,mail
com.mattiasetzuapp.liberomail_9.apk,mail
com.anitworld.gdufmail_15.apk,mail
com.celliecraze.cemail_14001.apk,mail
com.idnoodle.android.telegram_110.apk,mail
com.onymous.sbaddon.celebvoicemail_2.apk,mail
com.coolwi.printer_10.apk,mail
com.youxitequ.msgmail_2.apk,mail
com.deselaers.gmailinboxwidget_7.apk,mail
jp.co.uustyle.voiceinput_2.apk,mail
cn.mailchat.campus_30535.apk,mail
net.daum.android.solmail_1000226.apk,mail
com.imerl.pem.free_2.apk,mail
com.synkronus.emailtosms_4.apk,mail
com.phally.naturalmail_1.apk,mail
com.fc2.web.garageupfield.android.AmailFreeWidget_5.apk,mail
com.remoba.eas.tabco.ui.activity_214.apk,mail
com.zzy.bossmailQ_2_161328.apk,mail
com.curp_1.apk,mail
jp.android.yas_mnkornym.SmartWatchK9NotifierLite_2.apk,mail
com.studioandroid.mailcqu_9.apk,mail
air.com.vencoo.boss5id2_1000000.apk,mail
bolome.pg1_1.apk,mail
com.martynhaigh.mailtap_9.apk,mail
identity.android.GMailWidget_9.apk,mail
com.austrianapps.android.compose_4.apk,mail
com.katzoft.gmailwidget_21.apk,mail
com.owl.ese.kr_1.apk,mail
com.whatsapplater_6.apk,mail
com.orange.mail.fr_14.apk,mail
com.stanlm.myeyestoyoureyes_220.apk,mail
com.tmobile.vvm.application_81191.apk,mail
masaru21.com.Blank_E_mail_multi_1.apk,mail
com.mail.emails_68.apk,mail
kz.kcell.voicemail_1.apk,mail
com.Rambler1xx.app_2.apk,mail
com.smarttech.scheduler_7_022558.apk,mail
com.cyberheight.mail_1.apk,mail
NXT.BTGMailbox_1.apk,mail
futuredreams.wp7.mail_2900.apk,mail
com.nagia.mailorganizer_2.apk,mail
gazizoglu.outlookhotmailmail_3.apk,mail
net.daum.android.mail_1044.apk,mail
akostaapps.emailsignature.free_14.apk,mail
com.mercykay.packaage.quickmail_1.apk,mail
com.xcodeon.android.missedcallswidget_20.apk,mail
cn.mailchat_30905.apk,mail
cn.cj.pe_201809020.apk,mail
com.vtmmobile.dkmail_802100.apk,mail
com.microsoft.office.outlook_301.apk,mail
cn.richinfo.icmail.ui_1.apk,mail
pl.noconit.GuerrillaMailApp_3.apk,mail
com.mailchimp.mailchimp_87.apk,mail
58047_ae388abb-0dce-4e03-b84a-1af750255574.apk,mail
asus.ft.autoReplyMail_1.apk,mail
com.brookfieldapplications.egt_4_081012.apk,mail
com.kingsoft.email_600605.apk,mail
klozin.ShortcutMail_1.apk,mail
com.smartiky.smartmail_4.apk,mail
com.nhn.android.mail_2011900.apk,mail
com.appfour.wearmail_1810080020.apk,mail
com.startrek.ContactsBackup189_1.apk,mail
com.blackbee.esmooqiletiservis_11.apk,mail
com.wwwSwastikaPostBox_1395036687.apk,mail
ru.yandex.mail_47345.apk,mail
eu.horakovi.Email2SMS_4.apk,mail
edu.sage.mail_20001.apk,mail
com.mail.conkret_56.apk,mail
appinventor.ai_barnes_tony.Mailto_Template_1.apk,mail
com.google.android.apps.inbox_9250268.apk,mail
com.gy.iomail.style.black_103.apk,mail
com.yarin.android.Examples_03_02_12.apk,mail
com.bansalstudios.fasthotmail_24.apk,mail
com.pollotech.msn_3.apk,mail
com.camerashootphotopostcards.android.printsbymail_3.apk,mail
uk.co.ditchkitty.spamdroid_7.apk,mail
com.rcm.mailalert_2.apk,mail
jp.tecco.yomail_5.apk,mail
com.openfind.m2k.notifier_13.apk,mail
com.corp21cn.mail189_84.apk,mail
it.italiaonline.virgiliomail_4.apk,mail
com.molto_8561.apk,mail
com.airwatch.email_398.apk,mail
com.corp21cn.mailcorp_9.apk,mail
ru.mail.love_4111.apk,mail
com.xiaomistudio.tools.finalmail_13.apk,mail
com.steyla.compail_207.apk,mail
br.com.uol.uolhostmail_1.apk,mail
com.mojing.android_128.apk,mail
vyouxiang.ml.activity_10.apk,mail
mst.android.finger2mail_5.apk,mail
com.freenet.mail_20121009.apk,mail
com.enventis.visualmessaging.android_43.apk,mail
com.tencent.androidqqmail_10135412.apk,mail
com.fiole_technology.kaerumailfree_20.apk,mail
com.verudix.defigomail_7.apk,mail
com.moxier.mail_21703.apk,mail
com.EMailSend.EMailSend_App_3.apk,mail
philip.example.merrytree_1.apk,mail
email.email_5.apk,mail
com.olivephone.mail_1.apk,mail
appinventor.ai_thejoescan85.EmailVoice_5.apk,mail
com.my.tool_3.apk,mail
com.androiddevmx.hotmail_2.apk,mail
com.symantec.securemail_800500251.apk,mail
com.c35.mtd.pushmail_4112.apk,mail
com.blntsoft.emailpopup_14.apk,mail
at.rundquadrat.android.r2mail2_157.apk,mail
com.perrythexyz.com.perry2.thexyzwebmail_26.apk,mail
com.slackersoft.android.mailnews_4.apk,mail
com.sina.mail.free_424.apk,mail
es.imaginarium.android.chat_4.apk,mail
com.nitrodesk.honey.nitroid_800100052_190622.apk,mail
apps.in.stock.fake.emails_2.apk,mail
com.azizoglu.mromobile_1.apk,mail
com.asmsbackup.1313840912382.apk,mail
com.appsnapped.tot_9.apk,mail
icab.winmail_14.apk,mail
jp.co.research963.speechrecogmail_6.apk,mail
de.eue.mobile.android.mail_404015.apk,mail
com.thinkyeah.emaillocker_1.apk,mail
com.matsumo.dwviewer_6.apk,mail
gazizoglu.newfastmail_3.apk,mail
air.com.maars.videoMail_1011.apk,mail
com.zennia.app.mail_1.apk,mail
asus.ft.autoSendMail_1.apk,mail
com.okovaliuk.life.voicemail_1.apk,mail
com.bazos.ews_9.apk,mail
com.mobileheal.vcon.mdm_154.apk,mail
com.moneymailer.money_mailer_19.apk,mail
com.honest.messagetomail_13.apk,mail
com.sfr.android.sfrmail_2303000.apk,mail
livein.mail_500.apk,mail
com.Rainbow.smstoemail_13.apk,mail
jp.nextmail_5.apk,mail
com.bbt.sm.pro_23_155718.apk,mail
com.piiq.voicemailkiller_3.apk,mail
net.oxdb.EasyMail_4.apk,mail
net.marinits.android.threeboxvisualvoicemail_3.apk,mail
it.clshack.socialinfo_4.apk,mail
net.melwin.k9trial_15049.apk,mail
com.apklabs.android.junkemail_1.apk,mail
com.jod.shengyihui_300.apk,mail
com.fsck.k9_26000.apk,mail
com.shazzle.homebridge_166.apk,mail
com.iridium.axcesspoint_46.apk,mail
net.twnmj.android.SendMailTo_1.apk,mail
com.lsh.smsemail_1.apk,mail
com.goin.android_106.apk,mail
com.it.minds_3.apk,mail
jp.co.isb.photomail_20110131.apk,mail
sak.mailwidget_21.apk,mail
dszy.FaxViewer_34.apk,mail
org.koxx.k9ForPureWidget_15019.apk,mail
com.acompli.acompli_42.apk,mail
com.zendomobile.mailnotification_4.apk,mail
com.adison.apps.letterbox_1.apk,mail
com.mobertomobile.cardboardmail_7_172223.apk,mail
br.com.pinter.emailtester_2.apk,mail
com.theappsforall.hotmail.outlook_10.apk,mail
com.easy.postjung_3.apk,mail
com.toss.sewriter_2.apk,mail
com.phonefusion.voicemailplus.android_2020201.apk,mail
nvhs.virgilioalicemail_2.apk,mail
de.bytewiese.liveware.extension.imapnotification_11112.apk,mail
bin.windemail_1.apk,mail
es.deaguinaga.usualmailsender_4.apk,mail
com.boxer.email_443.apk,mail
com.imogo.ImogoMailOWA_3.apk,mail
nl.octet.mail_13.apk,mail
com.labelert_8.apk,mail
com.natenai.mailboy_6.apk,mail
com.raycom.email_19.apk,mail
com.jh.APP56fdd77926f849b9a8a0c24ded51681e.news_3.apk,mail
com.pmedina.ballocation_22.apk,mail
com.pgx.liberomailfree_1.apk,mail
com.yahoo.mobile.client.android.mail.att_1314390.apk,mail
co.example.feb21_6.apk,mail
com.appsbar.MobileEmail6963_4.apk,mail
com.pollotech.hmg1_1.apk,mail
com.fg.futuremailfree_3.apk,mail
com.GLT.missedcallsonmail_6.apk,mail
net.yurinoe_soft.quick_mail_widget_25.apk,mail
com.gdpost.activity_4.apk,mail
com.tatvasoftware.smsfilter_3.apk,mail
com.mail2world.mobile_8.apk,mail
com.allcom.gfax_9.apk,mail
com.sohu.mail.client.cordova_202100.apk,mail
com.transn.itlp.cycii_20241.apk,mail
com.voicegenesis.roid1ad_8.apk,mail
com.dell.stage.widget.email_28.apk,mail
nl.hamid.android.sd2mail_4.apk,mail
de.cyberdream.smstomail.free_8.apk,mail
com.dev.and.emailclient_22.apk,mail
recitative.tr_2.apk,mail
com.kg.emailalbum.mobile_46.apk,mail
com.androiddown.ZengFaner.micatTwo_4.apk,mail
pl.mobileexperts.securemail_9235.apk,mail
com.shian.intersafemail_48.apk,mail
com.corp21cn.mail21cn_35.apk,mail
pgs.apps.mailscheduler_111.apk,mail
ru.mail.cloud_4443.apk,mail
com.maildriving_5.apk,mail
jp.findX.ws_41.apk,mail
com.pgx.libmail_31.apk,mail
spamer.s_12.apk,mail
com.cohosoft.mailclean_1.apk,mail
com.meshinnovation.hibox_17.apk,mail
com.sunlei.mailmaster_1000.apk,mail
com.smartanuj.gmailattach_1.apk,mail
com.ureach.readit_1.apk,mail
cn.jadenine.himail_1601060801.apk,mail
com.voicegenesis.roid1free_6.apk,mail
com.mail.merge_2.apk,mail
com.yulong.email_4200901.apk,mail
com.thebes.lockforemailfree_1.apk,mail
com.regmail.keyone_24.apk,mail
com.iheart.external.decomailenglish_10.apk,mail
com.app.bpit.random_2.apk,mail
app.hmail_1.apk,mail
com.conker.postbox_15.apk,mail
jp.co.nazca_net.android.templatemail_10002.apk,mail
masaru21.com.Blank_E_mail_Support_11.apk,mail
cn.ipipa.voicemail.view_7.apk,mail
com.baqa.bazm_parveenshakir_4.apk,mail
com.javatomic.drupal_24.apk,mail
mail139.launcher_311.apk,mail
com.byarger.exchangeit_7.apk,mail
com.exmailfree_44.apk,mail
com.maxwell.maxwell.mail_2.apk,mail
com.tencent.eim_171.apk,mail
com.happy_coding.meltmail_4.apk,mail
com.efficientoutputsystem.hello_3.apk,mail
com.doapps.mailer_email_demo_1.apk,mail
jg.works.hotmail_6.apk,mail
cynosurex.application.OneMailAdSupported_8.apk,mail
com.westernmailrss_2.apk,mail
com.hinck.birthdayemail_4.apk,mail
com.qs.enhancedemail_134400.apk,mail
com.fido.vvm_50.apk,mail
com.comunicabox.boxpush_9.apk,mail
eu.codeplumbers.attachementbackup.app_5.apk,mail
co.uk.nextinfinity.imail_2.apk,mail
com.citrix.mail.droid_25731898.apk,mail
com.yahoo.mobile.client.android.mail_1323091.apk,mail
com.aminenew0211.mailapp_1.apk,mail
torah19.co.jp_1.apk,mail
com.HSSL.fakemail_1.apk,mail
ohana.FrogMail_18.apk,mail
com.jpn.dcloud.decora_8.apk,mail
biz.canisrigel.app.webmail_28.apk,mail
com.hugmail.android_209000032.apk,mail
contacts.Email_11.apk,mail
com.trs.xonomail_3.apk,mail
com.geogamez.geomaze_3.apk,mail
com.smartisan.email_7.apk,mail
com.mailapp.view_35.apk,mail
org.kman.AquaMail_101800005.apk,mail
com.vovk.hiibook_63.apk,mail
net.randomail.app_97.apk,mail
com.rmaginot.resizeimagesforemaillight_17.apk,mail
com.iba.gomel.andy.mail_1.apk,mail
com.appestry.mail_merge_lite_4.apk,mail
com.maildroid_491.apk,mail
com.midmee.smsnotifier_2.apk,mail
paidmail.app_2.apk,mail
com.mobilesolutionworks.timescape.plugin.gmail_13.apk,mail
com.onegravity.k10.pro2_118.apk,mail
com.mfluent.mail_28.apk,mail
jp.gr.java_conf.jj_project.otm_3.apk,mail
pl.snapsoft.mailme_3.apk,mail
com.nbays.voicemail_2.apk,mail
com.appletfounder.multimediaemail_14006.apk,mail
com.khymaera.android.cpmg_3.apk,mail
callware.android.CallegraVoicemail_4.apk,mail
backup.email.inapp_39.apk,mail
org.sms2mail.sources_5.apk,mail
com.haizhi.oa_233.apk,mail
net.bluumi.MailBoxes_3.apk,mail
com.quickclick.mail_1.apk,mail
eu.intelligentar.royalmail.smilers_148.apk,mail
br.pcfl.up_21008.apk,mail
com.dian.mail_6.apk,mail
com.Honest.CloudNote_1.apk,mail
com.ccpit.jnfh.app_4.apk,mail
com.my.mail_26320.apk,mail
com.avertstudios.mailroomlite_4.apk,mail
com.android.emailyh_2014032810.apk,mail
com.hullomail.android.messaging_6.apk,mail
com.webcipe.gmailWidgetTrial_5.apk,mail
com.eoc.crm_36.apk,mail
jp.co.bitway.android.deco_14.apk,mail
com.crazyapp.emailmanagement_3.apk,mail
com.gau.go.launcherex.gowidget.emailwidget_33.apk,mail
com.willdev.mailalert_145.apk,mail
com.codecarpet.responses.beta_4.apk,mail
com.reptilesoft.voicemailreminder_13.apk,mail
com.skillbazar.walkietalkiemail_33.apk,mail
sms2mail.buware.com_15.apk,mail
com.ninefolders.hd3_1403040.apk,mail
com.ghmi.mail_104.apk,mail
com.androiddown.ZengFaner.SupperEmail_4.apk,mail
com.smartikyapps.smartmail_76.apk,mail
com.pwnwithyourphone.talking_email.trial_20.apk,mail
uk.co.bizarreware.samsungsmartwatchnotification_5.apk,mail
com.mailboxapp_2010000.apk,mail
com.hazelmail.android_13.apk,mail
de.mbentwicklung.android.clickTracker.mail_6.apk,mail
mobi.cloudymail.mailclient_18.apk,mail
at.calista.mobilemail_telering_521.apk,mail
com.gloxandro.birdmail_2288.apk,mail
com.chiitakesoft.android.apps.sendmymail_5.apk,mail
com.google.android.gm_61156577.apk,mail
com.outlook_3.apk,mail
com.TMillerApps.SmartMail_1.apk,mail
com.french.email.helper_1.apk,mail
com.RecordToMail_5.apk,mail
com.tiscali.appmail_2.apk,mail
kong.smart_7.apk,mail
net.qihoo.secmail_5.apk,mail
com.systoon.msgseal_1903052056.apk,mail
com.netease_1.apk,mail
com.fmmobile.photobook_23.apk,mail
android.mailchat_5.apk,mail
com.conduit.app_1abc958215ae4abcb0cb472326e81b35.app_4.apk,mail
com.korashime.check_2.apk,mail
mailtok.android_7.apk,mail
com.tomata_.androidabvnotifier_45.apk,mail
com.metaarchit.sigma_18.apk,mail
com.dimatt.femail_4.apk,mail
com.myappcatalog.emailbackgrounds_5.apk,mail
com.mcarbon_3.apk,mail
com.shpongin.sms2mail.lite_5.apk,mail
jp.tecco.yomail2_2.apk,mail
com.nitrodesk.droid20.nitroid_900000412.apk,mail
de.kabeldeutschland.komfortcloud_201002.apk,mail
com.abelssoft.voice2mail_8.apk,mail
com.chuchi.ucochecker_60.apk,mail
com.emailbooster_49.apk,mail
com.qiduo.mail_20710928.apk,mail
email.sender_2.apk,mail
com.wissensoft.mailduck_3.apk,mail
vntis.voicemail.com_1.apk,mail
org.mw88.witness.mailer_1.apk,mail
com.elitemail_15007.apk,mail
com.inoguru.email_14192.apk,mail
air.com.wgntv.vociemail_1000002.apk,mail
com.nhn.works.android.mail_2010000.apk,mail
ftm.cnm_1.apk,mail
com.floaters.email_25.apk,mail
org.kidsemail.kidsemail1_164.apk,mail
aceim.protocol.snuk182.mrim_1.apk,mail
174104_696233b5-b046-4792-b2ac-f18e9eedb03d.apk,mail
lex.timeemail_2.apk,mail
com.moviuscorp.openmobilepr_32007.apk,mail
com.tom.mail_100.apk,mail
net.bitplane.android.mcmail_1.apk,mail
com.x25.cn.PasswordBox_1.apk,mail
it.cercaziende.android.sk155328_6.apk,mail
com.asiainfo.android_1078.apk,mail
com.note2mail_1.apk,mail
com.androidsk.leteckaposta_1.apk,mail
com.josiland.lanzarweb_67.apk,mail
com.kkmail.k9_40801000.apk,mail
com.ebrg.secure9_8610.apk,mail
com.titus.email2_222.apk,mail
com.org.techgene_2.apk,mail
ect.emessager.email_33_115445.apk,mail
junkMail.application_6.apk,mail
com.appple.app.email_3.apk,mail
com.phonepower.voicemail_3.apk,mail
info.b8y.mailaddr20150216_1.apk,mail
com.chy.sampleemail_1.apk,mail
com.katzoft_16.apk,mail
com.fsck.mail4call_101.apk,mail
com.hueylu.wxmail_5_162038.apk,mail
net.pradeo.email_4.apk,mail
com.emoze.Emozesync_27.apk,mail
com.msaudi.apps_3.apk,mail
jp.ddo.dekuyou.liveware.extension.gmail_24_130536.apk,mail
com.netease.mail_176.apk,mail
org.ryanc.droid.mess_38.apk,mail
com.mailchimp_18.apk,mail
com.granita.icloudmail_75.apk,mail
com.globalmarinenet.xgate_69.apk,mail
air.Anon_Mail_2.apk,mail
com.vdkapps.windowslivelink_3.apk,mail
jp.android.seawood.shortcutmail_14.apk,mail
jacker.mail.client_20.apk,mail
com.pixilapps.mail_3.apk,mail
com.wnilkamal_5.apk,mail
com.mangrove.seedmail_10012.apk,mail
com.winit.mail2world.business_8.apk,mail
com.syntomo.email_535010.apk,mail
com.whiznets.voice2mail_153.apk,mail
de.ok.android_9.apk,mail
com.corocorocat.resize_8.apk,mail
com.imaeses.squeaky_19025.apk,mail
com.rrr.k9mailshortcut_1.apk,mail
com.hullomail.messaging.android_80.apk,mail
com.ayaroktay.bilkentemail_140232.apk,mail
com.gimy.smail_10030500.apk,mail
com.smartmadsoft.toq.k9_2.apk,mail
com.exoprimus.halloweenmail1_8.apk,mail
com.marsor.mailsender_2.apk,mail
nl.tetrakis.instantvoice2mail_9.apk,mail
com.all.emails_25.apk,mail
com.knocknock.android_32.apk,mail
com.squash.mail_56.apk,mail
io.evomail.android_92.apk,mail
com.interact.listen.android.voicemail_16.apk,mail
com.acelorared.android.imaco_eng_1.apk,mail
net.oxdb.MemoMail_6.apk,mail
net.nousefor.android.emailfinder.promo.find.email.address.lookup.findemail_26.apk,mail
com.jailmailapp_16.apk,mail
com.EV3.Mailbox_2.apk,mail
com.wemail_311.apk,mail
qrobotalk.android_5.apk,mail
org.flashday.mail_19_103943.apk,mail
com.dataviz.stargate.1313580909766.apk,mail
jp.co.research963.speechrecogmail2_2.apk,mail
com.netease.mobimail_176.apk,mail
com.google.android.email_7008110.apk,mail
org.tamanegi.quicksharemail_8.apk,mail
com.snda.mail.mobile_60_111858.apk,mail
de.wiowazz.mailmesecrets_1.apk,mail
com.ozeki.androidemailsmsgatewaylite_8.apk,mail
com.android.qiushui.app.email_160324.apk,mail
net.xb.xbmail_4.apk,mail
vtop.yahoo.mail_2.apk,mail
com.miracle.emailguide_1.apk,mail
com.mapeapps.emailnotifier_11.apk,mail
com.yuchting.yuchdroid.client_6.apk,mail
it.cercaziende.android.sk155422_9.apk,mail
PowellDev.EmailSoundBoard_1.apk,mail
com.ebqhd.stage.widget.email_2.apk,mail
com.grex.quickvideomail.free_5.apk,mail
com.fred.miss.call.test.activity_2.apk,mail
com.bdrulez.easymail_2.apk,mail
hotmail.buildweb.eu_1550002.apk,mail
com.kobisnir.fakeemail_1.apk,mail
com.emailfilter_16.apk,mail
com.sonyericsson.extras.liveware.extension.gmail_10201.apk,mail
com.fuzixx.dokidokipostbox_437.apk,mail
com.ibibo.wapmail_2.apk,mail
com.j3gha.mailclient_30701026.apk,mail
com.websearch.browser.topic.email_9.apk,mail
com.eapp.easymail_3.apk,mail
com.lsapplications.messageforme_3.apk,mail
com.ureach.android.cimvvm.nteract_23.apk,mail
com.example.bemail_1.apk,mail
com.outlook.Z7_280499774.apk,mail
com.hs.ttmail_46.apk,mail
com.kbckbc.emailmemo_3.apk,mail
com.taiheinfo.tmpush_140313.apk,mail
cvm.android.callvm_8.apk,mail
sms.firewall.developer.android_4.apk,mail
com.dubuapps.mobile_140.apk,mail
com.netcompss.sms2email.trial.pp_6.apk,mail
com.maildroid.pro_424.apk,mail
com.hebtx.mail_381603101.apk,mail
net.bigbros.quickmail.en_2.apk,mail
com.dwdesign.pigeon_28.apk,mail
ru.micropint.evemail_4.apk,mail
mo.gov.macaupost.seps_16.apk,mail
com.im.fantastic.allmail_3.apk,mail
com.suning.SNEmail_141.apk,mail
com.gloxandro.freebird_2269.apk,mail
info.androidx.speedmailerf_18.apk,mail
com.quintstoffers.etext_2.apk,mail
com.appsmakerstore.emle2013_1.apk,mail
com.jesusjzp.easymail_2.apk,mail
com.oahc.pademail_1.apk,mail
com.ikejun.factory.callbackgmail_10.apk,mail
com.app.emailsherlock_4.apk,mail
com.mail.mobile.android.mail_305054.apk,mail
ca.skywayfleet.emailcontrol_14.apk,mail
com.kaitenmail_40016.apk,mail
apk.praneeth.notification_5.apk,mail
com.protoolapps.mailclientforandroid_4.apk,mail
com.huawei.dsm.mail_32.apk,mail
at.calista.mobilemail_525.apk,mail
com.mazesystem.ccsafety_115.apk,mail
com.gmailcounter.xi.widget_14.apk,mail
pl.pswit.mailscheduler.free_4.apk,mail
com.bazos.web.mail_9.apk,mail
