com.spotify.music_42996327.apk,music
com.apiji.music_big5_3.apk,music
org.ajmd_108.apk,music
liuxin.gequ_86182.apk,music
cn.kuwo.tingshu_8538.apk,music
org.ne346.i0a9ced6_30.apk,music
com.bl.d07272.s360.TK_1322.apk,music
com.flyfish.arrow_42.apk,music
com.bxdm.xwplayer_8_212208.apk,music
com.aaron.guessfamous_15.apk,music
com.douban.radio_474.apk,music
com.enjoy.music_14.apk,music
com.cat.simulation_218.apk,music
com.sqr5.android.audioplayer_156.apk,music
com.tiannagame.qmlw.qihoo_27.apk,music
com.echovideo.aiacn_110.apk,music
com.tingge.shiqu_86182.apk,music
zhiguo.com.xysd.albumapp_1.apk,music
com.ktmusic.geniemusic_4030200.apk,music
com.show160.androidapp_9.apk,music
com.sds.android.ttpod.skin.nanian_45_200.apk,music
com.tongle.tr_13.apk,music
com.itings.myradio_50203.apk,music
jp.co.kayo.android.localplayer_2142000120.apk,music
com.youxibaoku.socialdj_102000.apk,music
com.flyfish.nodie_19.apk,music
cn.funnyxb.crazymusic_60800.apk,music
com.mikersmicros.fm_unlock_265.apk,music
com.teamsignal.hypersquare01_30.apk,music
com.shazam.encore.android_901300.apk,music
com.sds.android.ttpod_10000800.apk,music
com.blueocean.musicplayer_1186.apk,music
com.clickcoo.yishuo_60104.apk,music
com.sonyericsson.music_19398657.apk,music
wk.music_20160107.apk,music
com.sina.music_44_181227.apk,music
com.kidstatic.kidsmusicinstruments_11.apk,music
com.treasure.ringtone_14.apk,music
com.maven.blueplayer_2015051812.apk,music
com.xiuxiu.ringtone_12200.apk,music
com.baowa.funingring.liuxingyinyue_34.apk,music
com.ddianle.snh48.qh360_7.apk,music
com.yfx365.ringtoneclip_120.apk,music
com.xuefengjushi.erhuqushoulu_415.apk,music
com.blueocean.huoledj_260.apk,music
com.extreamsd.aemobile_371.apk,music
com.meetfuture.coolkeyboard_75.apk,music
com.app.downloadmanager_77.apk,music
com.muslog.music.activity_22.apk,music
com.kugou.android_9156.apk,music
com.arobasmusic.guitarpro_21.apk,music
com.haoduolingsheng.puddingmusic_15.apk,music
com.bee.heromusic.qihu_9300.apk,music
com.yuanzhichu.babylearn_190.apk,music
com.mld.song_19.apk,music
46280_117b4fe5-d9f8-4bbd-a1d0-c432c3fbfeaf.apk,music
com.netease.ma59.qihoo_48.apk,music
com.tmsoft.whitenoise.lite_740.apk,music
com.mw2c.guitartabsearch_20.apk,music
com.enlightapp.itop_16.apk,music
ru.nsu.ccfit.zuev.osu_34.apk,music
com.sony.snei.mu.phone_7230031.apk,music
com.nbblabs.toys.singsong_112.apk,music
com.duomi.duomiFM_yogaBackground_5.apk,music
com.lingshengku_200.apk,music
de.zorillasoft.musicfolderplayer_285.apk,music
com.kxt.android_28.apk,music
com.ringcrop.ku_201.apk,music
com.tencent.karaoke_219.apk,music
com.yhd.accompanycube.ui_21.apk,music
com.thefoakhouse.sightreadpiano_242.apk,music
cn.woosoft.kids.music_2.apk,music
com.beatsmusic.android.client_304.apk,music
me.papa_52800.apk,music
tendy.SpokenMagic_45.apk,music
com.wooboo.ringmanager_5.apk,music
com.ysong.caige_391.apk,music
com.ting.mp3.qianqian.android_19_115252.apk,music
com.marza.MusicGirl_Miku_en_3.apk,music
com.hstanaland.cartunes.free_59.apk,music
com.codingtmac.Solo_40.apk,music
com.amigo.dj_102000.apk,music
jp.nicovideo.android_96.apk,music
com.imlianai.mininovel_19001200.apk,music
com.e3.Touch2Dance_6.apk,music
com.kandian.shortvideo.mv_60.apk,music
com.main.ptz_188.apk,music
com.RDJdance_21.apk,music
fm.qingting.qtradio_828.apk,music
com.kanjian.radio_50.apk,music
com.animocabrands.google.Musici_59.apk,music
com.eassol.android_2012040118.apk,music
com.lewan.ring_2.apk,music
com.changba_898.apk,music
com.nanumintech.goodmomsprenatal1_7.apk,music
com.aries.RingDroid_6.apk,music
com.reyinapp.app_48.apk,music
com.xn.sdo.m360_201.apk,music
com.ximalaya.subting.tingfojing_12_101418.apk,music
com.iplayer.imusic_20122526.apk,music
com.asus.music_1520000242.apk,music
piano.piano_77.apk,music
com.yunzhichu.yinyuedashi_86.apk,music
com.huaien.foyue_14.apk,music
net.handicrafter.games.fom_65.apk,music
com.soundcloud.android_1225.apk,music
com.mounir.tunisieradio.android_12.apk,music
com.linker.xlyt_366.apk,music
com.kdxf.kalaok.activitys_1461.apk,music
com.feidou.zhanchiFlymusic_17.apk,music
com.acer.c5music_21002002.apk,music
fm.wawa.mg_311.apk,music
com.ifeng.fhdt_106.apk,music
com.tools.songa_12.apk,music
com.triangle.deathmusic08juming_18_151148.apk,music
com.haochang.chunk_133.apk,music
radiotime.player_13440.apk,music
com.shazam.android_711000.apk,music
com.qk.qingka_112.apk,music
com.microcorecn.tienalmusic_262.apk,music
com.meeufuture.magiczither_32.apk,music
cn.kuwo.sing_30000003.apk,music
com.duomipad.android_18.apk,music
com.phoneshow_6.apk,music
wo.yinyuetai.ui_7.apk,music
com.shoujiduoduo.dj_3500.apk,music
com.er.buddha_25.apk,music
kaixin.yinyue5_2_3.apk,music
cn.yqq.music_bt_7.apk,music
com.multak.HappyKTVM_503.apk,music
com.blab.iMusicComposer_2.apk,music
com.longyou.changwutuan_365.apk,music
cn.hktool.android.action_85.apk,music
com.okmyapp.liuying_23.apk,music
com.sinyee.babybus.cookingpercussion_9230002.apk,music
com.ringstar.we_16.apk,music
com.lequ.main_40.apk,music
com.beatronik.djstudiodemo_141.apk,music
www.imxiaoyu.com.musiceditor_72.apk,music
com.xebec.huangmei_310.apk,music
cn.palminfo.imusic_225.apk,music
com.meetfuture.cooldrum_75.apk,music
com.muscdp.rchtcorigation_1.apk,music
com.iflytek.womusicclient_611.apk,music
com.n7mobile.nplayer_264.apk,music
com.samalyse.free.tapemachine_87.apk,music
com.duomi.android_6090201.apk,music
com.boxring_10605000.apk,music
com.kugou.android.ktvapp_17500.apk,music
jp.cyberfort.audioplayerwithgeqplatinum_135.apk,music
com.xiuhu.showho_12.apk,music
com.chenyang.wzzyy_1053.apk,music
com.psyone.brainmusic_56.apk,music
com.dlyl.music_1.apk,music
com.androidemu.gbapmblack_820190226.apk,music
com.dj97.app_72.apk,music
com.mycloudplayers.mycloudplayer_681.apk,music
cn.lianqinba.strings_76.apk,music
com.spartacusrex.prodjlite_121.apk,music
com.qihoo.wm_803.apk,music
com.vane.rmaster_104.apk,music
com.yunzhichu.gitartune_343.apk,music
com.dog.simulator_2028.apk,music
org.vv.children.music_97.apk,music
com.simplecity.amp_pro_3459.apk,music
com.videohya.mvwiki_30.apk,music
com.sdd.activity_10.apk,music
appheaps.player_46.apk,music
com.meetfuture.coolacousticguitar_75.apk,music
com.yyekt_38.apk,music
com.woyaoxiege.wyxg_4078.apk,music
com.sonyericsson.trackid_9175060.apk,music
com.mow.tingshu_15.apk,music
com.tencent.radio_37.apk,music
com.duomi.duomiFM_9999.apk,music
com.duoduo.cailing_2460.apk,music
com.musixmatch.android.lyrify_2019022811.apk,music
com.easou.music_48.apk,music
air.com.freshplanet.games.WaM_1026028.apk,music
media.music.musicplayer_303.apk,music
cn.cnr.cloudfm_10113.apk,music
com.ls_40000072.apk,music
com.leting_171.apk,music
com.nmhai.qms.fm_31000000.apk,music
com.wuxiantai_340.apk,music
com.longcai.musicshop_107.apk,music
com.hualumedia.opera_30.apk,music
com.autoapp.pianostave_32.apk,music
com.thunder.ktvdaren_94.apk,music
cn.ibabyzone.music_65.apk,music
com.yyg.walle_66.apk,music
com.kibey.echo_20067.apk,music
org.ringcall.ringtonesen_32.apk,music
com.mikrosonic.SPCDemo_235.apk,music
pl.idreams.jellyband_10.apk,music
com.ddianle.lovedance.qh360_98.apk,music
com.beka.tools.mp3cutter_113.apk,music
com.idddx.lwp.concert3d_20.apk,music
com.shinyv.cnr_116.apk,music
com.ringdroid_20704.apk,music
com.starhub.musicstore_8.apk,music
aofo.baifo_28.apk,music
com.slacker.radio_41249.apk,music
com.maxmpz.audioplayer_702.apk,music
146381_ce7050a8-1dbc-4ba0-8b2d-e3f69de2fc29.apk,music
com.beijingjsoft.happy.music_3310.apk,music
com.gwsoft.imusic.controller_19002000.apk,music
cmccwm.mobilemusic_251.apk,music
syj.youngfhsher_30003.apk,music
com.algoriddim.djay_27250.apk,music
com.veitch.themelodymaster.pmf_159.apk,music
com.hipxel.audio.music.speed.changer_3.apk,music
com.shoujiduoduo.ringtone_60087410.apk,music
com.sds.android.ttpod.skin.sad0141_105.apk,music
com.jiuku.jesus_74.apk,music
com.ting.mp3.android_7011.apk,music
cn.kuwo.tfboyshj_152.apk,music
com.newcreate.ydyy_1.apk,music
com.ringsetting.xuanling_403502028.apk,music
com.astroplayer_2383.apk,music
com.best.ringtone_19245.apk,music
com.samsung.mdl.radio_1505186750.apk,music
co.kr.neowiz.tapsonic_7_113928.apk,music
com.dodo.musicB_100.apk,music
com.imusic.iting_5004000.apk,music
com.david.musicofthird_311.apk,music
linshen.dodo_86182.apk,music
com.niting.app_3500.apk,music
com.duotin.fm_403.apk,music
com.yunxi.bell_7200.apk,music
com.djbox.product_47.apk,music
com.yy.huanju_601.apk,music
com.opalastudios.pads_1004.apk,music
com.zhangxun.music_1.apk,music
com.tbig.playerpro_151.apk,music
com.tuotuo.solo_49961.apk,music
com.tbig.playerpro.soundpack_24.apk,music
com.smallyin.metronome_10.apk,music
aolei.buddha_28.apk,music
com.cm.mhlw.qihu_6.apk,music
fm.xiami.main_214.apk,music
com.skysoft.kkbox.android_60346.apk,music
souvey.musical.pro_42.apk,music
com.yuanyu.tinber_118.apk,music
com.lliveamusic.amusic_136008.apk,music
com.melodis.midomiMusicIdentifier.freemium_20150.apk,music
com.gtan.church_62.apk,music
com.huanyin.magic_75.apk,music
com.smartcrows.vdandroid_46.apk,music
com.charitychinese.zslm_11.apk,music
com.palmjoys.cbxw.android.qh360_17.apk,music
cn.amanda.music_dq_7.apk,music
net.luoo.FaceFM_15.apk,music
com.android.qiushui.app.music_170716.apk,music
ent.reynoldsshyu.easyrhythms_38.apk,music
com.iflytek.voiceshow_7171.apk,music
com.hoo.music2.guess360_40.apk,music
com.wysdxj.musicplayer_254.apk,music
it.b77.pianomasterfree_34.apk,music
me.ve0e2a1.i39423yt_1.apk,music
com.monster.fm_26.apk,music
com.newband_60.apk,music
com.zion.aquatrax.qihu_21.apk,music
com.iyuba.music_946.apk,music
com.qmth.music_61.apk,music
46255_7be8bbc5-267b-4204-a38d-834ef5c42bf9.apk,music
com.cnwav.client_41.apk,music
com.duole_3.apk,music
cn.sspace.tingshuo.android.mobile_3830.apk,music
com.doodleapp.equalizer_15.apk,music
com.phoenix.buddhasongs_10403.apk,music
com.imusic.ishang_40005.apk,music
com.audioaddict.di_6179.apk,music
com.kazufukurou.hikiplayer.pro_72.apk,music
com.seya.plugmusic_100.apk,music
cn.banshenggua.aichang_8404.apk,music
com.lixiangdong.songcutter_310.apk,music
com.idoukou.thu_56.apk,music
com.smallyin.musiceditor_75.apk,music
com.ppgames.timetorock360_9.apk,music
com.tmarki.mp3amplifier_39.apk,music
com.voicedragon.musicclient_71.apk,music
com.andrew.apollo_3.apk,music
com.eliferun.music_281.apk,music
net.luoo.LuooFM_237.apk,music
com.shouji.ku_200.apk,music
com.intermediaware.freestylemusicmaker_65.apk,music
com.gamestar.pianoperfect_1201711.apk,music
com.duomi.ring_2200000.apk,music
com.vipercn.viper4android_v2_2401.apk,music
com.google.android.ears_16.apk,music
160456_798fc3f8-ba36-43bd-b6a1-bd9dd8e199a3.apk,music
com.ringtone.s.arcticmonkeys_12.apk,music
com.netigen.metronomedemo_48.apk,music
air.com.demute.TaoMix_1001022.apk,music
com.huuhoo.mystyle_24006.apk,music
com.codingcaveman.Solo_100.apk,music
com.juntian.radiopeanut_379.apk,music
com.dragon.ringtone_14.apk,music
com.cdbabyjoy.xyueqi_36.apk,music
cn.kuwo.kwmusichd_8523.apk,music
com.benben.cn.jsmusicdemo_14.apk,music
oms.mmc.fortunetelling.fojingdaquan_206.apk,music
com.chordbot_2150000.apk,music
com.sing.client_67340.apk,music
com.invictus.impossiball_10002222.apk,music
com.deepsoft.shareling_23.apk,music
com.buluobang.bangtabs_56.apk,music
com.imaginationstudionew_30909.apk,music
com.tools.songsz_9.apk,music
com.eoemobile.free.eoemusician.main.apk,music
com.jetappfactory.jetaudioplus_40802.apk,music
com.mojiebusiness.mobuz_33.apk,music
com.cz.Christ_33.apk,music
com.ss.readpoem_100.apk,music
au.com.fantomdigital.games.dreambeat_1_143926.apk,music
com.walesinteractive.djspace_100_150433.apk,music
com.smarttec.freefm_28.apk,music
wanpu_mypiao.main_2.apk,music
com.herman.ringtone_1600238.apk,music
com.gongjin.cradio_38.apk,music
com.vvvdj.player_280.apk,music
guy.taiko_85.apk,music
fm.wawa.music_414.apk,music
com.hifimusic.pro_105.apk,music
com.flexbyte.groovemixer_2100.apk,music
com.electricpocket.ringopro_62.apk,music
com.yuan_li_network.cailing_30.apk,music
com.wen.NoahBottle_10000.apk,music
com.cloudmacaca.KnockingGirl_16.apk,music
com.listen.ringtone_13.apk,music
cn.mchang_139.apk,music
com.yyg.nemo_121.apk,music
com.twentyfirstcbh.dongwu_9.apk,music
com.hiby.music_5699.apk,music
com.android.mediacenter_121102306.apk,music
com.weplaydots.twodotsandroid_101.apk,music
com.sinyee.babybus.songIV_9310000.apk,music
com.jiuku_15.apk,music
jp.co.crypton.mikucolle_59.apk,music
oms.mmc.fortunetelling.fate.fojing_255.apk,music
com.buluobang.iguitar_40.apk,music
com.google.android.music_78471.apk,music
com.photo.easyphotoplayer_820.apk,music
com.maxmpz.audioplayer.unlock_102.apk,music
com.gg.mengwuol.qihoo_1400.apk,music
com.yunva.changke_315.apk,music
com.sostation.ring_20180315.apk,music
com.fitradio_207.apk,music
com.gionee.ringtone_30100020.apk,music
com.tencent.qqmusicpad_204.apk,music
com.neutroncode.mpeval_8000208.apk,music
com.rubycell.pianisthd_2022317283.apk,music
com.tencent.qqmusic_979.apk,music
com.nhn.android.music_4049.apk,music
com.gamestar.pianocnperfect_30116.apk,music
com.pandora.android_17111006.apk,music
klb.android.lovelivecn_200460000.apk,music
com.fruit.music_3.apk,music
com.kaede.rainymood_45.apk,music
mobi.r61a279d.r6ace45_1.apk,music
com.taihe.musician_145.apk,music
com.leappmusic.amaze_1020700.apk,music
com.yschi.ID3Fixer_37.apk,music
com.ezen.ehshig_28.apk,music
com.kugou.android.ringtone_427.apk,music
cn.cri.chinamusic_1346.apk,music
com.jason.lute_33.apk,music
com.gd.digi.music.play_15.apk,music
com.tencent.qqmusic.samsung_13.apk,music
com.ilongyuan.deemo.qiho_3200.apk,music
com.lts.game.musicblock_5.apk,music
com.tingniu.audioclip_3.apk,music
com.iflytek.music.game.lyrics_2.apk,music
com.wendcn.gujin_27.apk,music
com.example.changevioce_23.apk,music
com.yibasan.lizhifm_134442.apk,music
com.evideo.MobileKTV_161.apk,music
com.chang.ge_86182.apk,music
com.dwwang.staff_5.apk,music
com.hotpod.maiba_31.apk,music
com.voice.live_1030013.apk,music
com.iflytek.ringdiyclient_7245.apk,music
com.omusic.gPhone_182.apk,music
org.vv.musicRadio_39_184151.apk,music
com.ifreespace.vring_20180713.apk,music
InternetRadio.all_10151.apk,music
icy.shakeshake_63.apk,music
com.campmobile.android.dodolpop_11020.apk,music
com.doding.childrenmusic_500.apk,music
lqh.dream.llk_5000.apk,music
com.sinyee.babybus.concert_9320000.apk,music
com.walkgame.semusicgo_253.apk,music
com.haoduolingsheng.RingMore_40.apk,music
com.yiting.tingshuo_6.apk,music
com.netease.cloudmusic_137.apk,music
com.saxophoneallin1_4.apk,music
mediau.player_171114.apk,music
com.iqinbao.android.songsfifty_55.apk,music
com.sing.ringtone_11.apk,music
com.uniview.geba.phone_350.apk,music
com.aupeo.AupeoNextGen_697.apk,music
com.baidu.baidufm_2_101103.apk,music
com.cmkj_146.apk,music
com.teleca.jamendo.sideny_37.apk,music
com.jrtstudio.music_8129.apk,music
com.audio.tingting_352007.apk,music
com.tsf.shell.widget.music_20.apk,music
tmn.mp3converter_44.apk,music
com.aaron.guessjay_25.apk,music
air.GSMobile_3000001.apk,music
com.lidu.tianmeidongman_86182.apk,music
com.tian.voicechangerpro_46.apk,music
com.example.mp3editor_51.apk,music
com.gamestone.giveitup3.qihu_200.apk,music
com.aiting.ring_2020000.apk,music
ly.pp.justpiano_41.apk,music
com.ftaro.music.qh360_5313.apk,music
com.audiocn.karaok_165.apk,music
jp.dividual.steps_1039.apk,music
com.xilu.wybz_30.apk,music
com.fm.goodnight_28.apk,music
com.example.zheng_15.apk,music
com.joemusic_10.apk,music
aofo.fjyy_28.apk,music
com.immusician.music_56.apk,music
com.jingfm_8_121844.apk,music
com.estsoft.alsong_40020100.apk,music
com.linglong.android_358805.apk,music
com.imbc.mini_100.apk,music
com.gamestar.perfectpiano_2101720.apk,music
th.co.progaming.gesturedance_10.apk,music
com.oddsoft.buddhavoice_47.apk,music
com.skyd.greatdharani_26.apk,music
com.meile.mobile.scene_2105.apk,music
ProDRUMMER.apk,music
cc.o4edc.s54829cctr_1.apk,music
com.movesky.yueyusong_226.apk,music
com.joyradio.fm_26.apk,music
com.meetfuture.coolelectricguitar_75.apk,music
com.transmension.justsing_366.apk,music
deezer.android.app_5181103.apk,music
info.l2c0d.z7683adb_1.apk,music
marco.stahl.synth.android_2.apk,music
info.n8b9ec5.r2493f42_1.apk,music
com.lz.music_8.apk,music
com.xjcheng.simlosslessplay_37.apk,music
cn.kuwo.player_9104.apk,music
com.chrrs.cherrymusic_31.apk,music
com.rockprince.musicgame_20170720.apk,music
com.lutongnet.imusic.kalaok.activity_50.apk,music
com.ctbri.taijiaoyinyue_211.apk,music
com.hotrod.utility.playlistalarm_16.apk,music
hr.podlanica_70.apk,music
tunein.player_230675.apk,music
com.tellmei.ringtone_61.apk,music
com.sgt.dm_5.apk,music
com.baidu.music.lebo_252.apk,music
com.neowizmobile.ray.google_147.apk,music
cn.com.kuting.activity_247.apk,music
com.gewarashow_33.apk,music
com.tai.piano360_30.apk,music
com.viki.android_32200.apk,music
com.nsky.ertong_19002.apk,music
com.mvtrail.electrodrumpad_41.apk,music
com.bz.ringduoduo_20190220.apk,music
com.vv51.mvbox_84411910.apk,music
com.fm.aiyinsitan_353.apk,music
com.yinyuetai.ui_16796800.apk,music
com.fart.sound.simulator_1014.apk,music
com.musicropku_200.apk,music
cn.voilet.musicplaypro_178.apk,music
com.iflytek.ringdiyclient.phonerings_7188.apk,music
com.xinli.fm_75.apk,music
com.nodemusic_53.apk,music
cn.missevan_90.apk,music
com.iloen.melon_159.apk,music
com.ezpeer.ezpeerplus.v4_109311.apk,music
com.kkpodcast_43.apk,music
com.weibo.wemusic_17.apk,music
com.netease.cys.qihoo_16.apk,music
com.diandian.apzone.ytfj_18.apk,music
com.imusic.musicplayer_12.apk,music
com.jwzt.jiling_57.apk,music
com.qxtimes.ring_334.apk,music
com.schematiclabs.soundtracking_651.apk,music
com.angjoy.app.linggan_580.apk,music
com.hiresmusic_20208.apk,music
com.tencent.game.rhythmmaster_25101.apk,music
com.xieyan.sing_2.apk,music
com.jh.APP594acc1736f5486fbf0d1b358ec7e619.audio_26.apk,music
com.appshare.android.ilisten_742.apk,music
com.moretv.mv_104.apk,music
com.crowntech.dance_156_173936.apk,music
br.com.rodrigokolb.realdrum_99.apk,music
com.tuokio.kingofopera_37.apk,music
com.nsky.yujiayinyue_19002.apk,music
com.wordsmobile.musichero_12.apk,music
com.ezmusicplayer.demo_170.apk,music
com.app.hero.ui_219.apk,music
com.neutroncode.mp_8000203.apk,music
yuku.mp3recorder.full_103.apk,music
com.heyhou.social_61.apk,music
com.iflytek.ringdiyclient.ringbooks_7182.apk,music
