com.xmrb_113.apk,news
com.daingo.news.kr_80400.apk,news
com.linkshop.client_29.apk,news
com.tencent.news.lite_1320.apk,news
com.qihoo360.news_shell_MetroExpress_15.apk,news
com.pchome.android.mypaper_17.apk,news
com.jiubang.app.sports_1780.apk,news
com.zshn.activity_63.apk,news
com.rednet.moment_19010901.apk,news
cn.com.pconline.android.browser_5290.apk,news
com.nhzw.bingdu_102.apk,news
com.nandu_332.apk,news
com.hsw.zhangshangxian_524.apk,news
com.netease.news.lite_190.apk,news
com.netease.newsreader.activity_997.apk,news
com.jiubang.app.news_401171.apk,news
com.shinyv.hebtv_89.apk,news
com.yidian.beijing_31.apk,news
com.tingwen_75.apk,news
com.hoge.android.chinablue_729.apk,news
com.lnrb.lnrbapp_40906.apk,news
com.scrdnews_302.apk,news
com.hydom.scnews_37.apk,news
com.xinwensdokfhewio_1.apk,news
com.founder.minjinzhongyang_40.apk,news
com.shanbay.news_423302.apk,news
com.dgxw.hhfg_1.apk,news
com.lyd.mobilely_121.apk,news
com.eastmoney.android.tokyo_7009000.apk,news
com.cplatform.xhxw.ui_92.apk,news
cc.zuitoutiao_1161.apk,news
com.qihoo.browser_11027.apk,news
com.caijing_285.apk,news
com.yibonews_448.apk,news
com.ttzx.app_80.apk,news
cn.bechtech.left_right_lock_55.apk,news
com.baidu.news_8311.apk,news
com.qdaily.ui_166.apk,news
cn.com.nbd.nbdmobile_79.apk,news
com.jin10.news_1.apk,news
cc.vreader.client_30.apk,news
cj.lkgnews_83.apk,news
com.turbomedia.turboradio889_3.apk,news
net.xinhuamm.d0382_300.apk,news
com.gdwx.cnwest_33.apk,news
com.ihongpan_52.apk,news
cn.ahurls.news_400503.apk,news
com.shinyv.wujiang_15.apk,news
com.seventeenok.caijie_44.apk,news
com.handlianyun.app_1700.apk,news
com.sobey.cloud.webtv.chuxiong_7.apk,news
com.huanqiu.hd.news_2.apk,news
com.touchtv.touchtv_52.apk,news
com.sohu.infonews_651.apk,news
com.google.android.apps.magazines_2018041244.apk,news
com.jiemian.news_6110.apk,news
com.leimingtech.yuxinews_20.apk,news
com.qihoo360.news_shell_yeewh_5.apk,news
cn.com.sina.sports_302700000.apk,news
com.hexun.news_600.apk,news
com.vcread.android.pad.ttcm_9.apk,news
com.espn.score_center_7404.apk,news
com.tianwen.jjrb_523.apk,news
com.smartisan.reader_19.apk,news
cn.wanda.app.gw_32.apk,news
com.issuu.android.app_357.apk,news
com.sohu.newsclient_606.apk,news
cn.com.modernmedia.businessweek_94.apk,news
com.ymnet.xwsj_100.apk,news
vivino.web.app_8161699.apk,news
cn.com.pcauto.android.browser_5800.apk,news
cc.loushi.news_20400.apk,news
cn.gmw.cloud_100.apk,news
com.palmtrends.laodong_daily_6.apk,news
com.gxnews.gxnews_307.apk,news
com.ruguoapp.jike_797.apk,news
com.mobileroadie.app_2386_56200.apk,news
com.kekenet.voaspecial_4.apk,news
com.zcom.ZcomReader_220.apk,news
nfpeople.phone.com.mediapad_204.apk,news
com.app.lanjing_600.apk,news
fm.yue.android_140001.apk,news
com.touchtv.sihui_47.apk,news
com.ycen.www.activity_73.apk,news
cn.com.gxrb.client_460.apk,news
cn.mucang.android.qichetoutiao_500040806.apk,news
com.zhisou.wentianji_79.apk,news
com.tencent.lightapp.Tencent_100120.apk,news
com.hz_hb_newspaper_611.apk,news
com.easou.news_17200.apk,news
com.jiutong.client.android.news_69.apk,news
com.yty.minerva_40.apk,news
com.zcsd_83.apk,news
com.qdnews.qd_70.apk,news
com.sctv.news_9.apk,news
com.sina.app.weiboheadline_300502.apk,news
com.news.shangyounews_149.apk,news
com.ishehui.x153_420.apk,news
cn.joy.android.activity_20140619.apk,news
cn.hinews.mobile.hnrb_21.apk,news
com.yingliang.clicknews_109100.apk,news
com.mbalib.android.wiki_105.apk,news
com.feng.car_88.apk,news
cn.com.sina.finance_524.apk,news
com.tencent.news_5760.apk,news
com.jlwy.jldd_28.apk,news
cn.unionnews.n_173.apk,news
com.caing.news_565.apk,news
com.people.news_77.apk,news
com.wenhui.ebook_701.apk,news
com.zc.hubei_news_21.apk,news
com.kekenet.bbc_4.apk,news
cn.gzmovement_142.apk,news
com.shikao5zaiwoxi5ongqia3nshai4shi_2.apk,news
com.deepai.qqhr_10.apk,news
com.founder.huashang_12.apk,news
com.bolfish.NewsReader_44.apk,news
com.sci99.news.basic.mobile_19.apk,news
com.bb.wallet_20001.apk,news
com.dnkb_7.apk,news
com.hisun.jwztivrclient_34.apk,news
com.wondertek.paper_6360.apk,news
com.fkxw.hhfg_1.apk,news
com.zsjj.activity_34.apk,news
com.lezhi.wewise_23.apk,news
com.longyun.ttt_225.apk,news
com.newgen.hljrb.jb_25.apk,news
com.inmyshow.lingdu_140.apk,news
com.martian.hbnews_46.apk,news
com.pla.daily_185.apk,news
cn.js7tv.jstv_223.apk,news
rmkj.app.dailyshanxi_2000.apk,news
com.ccdi.news_22.apk,news
net.xinhuamm.mainclient_603.apk,news
com.wm.jfnews_3.apk,news
com.imoda.shedian_100.apk,news
com.ahnews.newsclient_502.apk,news
com.modern.xiandai_17.apk,news
com.luxus.main_30.apk,news
com.ifeng.newvideo_70509.apk,news
com.lifeix.headline_194.apk,news
cn.com.wideroad.shushan_7.apk,news
com.topnews9_20150202.apk,news
com.hoge.android.app.wuhu_20170111.apk,news
com.chexun.czx_14.apk,news
com.uuu9.eslive_267.apk,news
com.aheading.news.hezerb_842.apk,news
com.newspaperschx.client_230.apk,news
com.aheading.news.hengyangribao_889.apk,news
com.cmstop.jhrb_310.apk,news
net.xinhuamm.d0105_300.apk,news
com.zhengdianfang.AiQiuMi_126.apk,news
com.mysteel.android.steelphone_99.apk,news
com.jumperle.dlmunews_19.apk,news
com.cqtimes.sknews_104.apk,news
com.ydtx.slof_1.apk,news
com.sznews_50.apk,news
com.hfutxf.autoall_10.apk,news
com.xiaba2.gytt_45.apk,news
com.zuqiuty.eosxyjianzxw_1.apk,news
com.hyhy.view_137.apk,news
cn.cc1w.app.ui_6003.apk,news
com.ifeng.news2_650.apk,news
io.dcloud.H5DC9A53F_1.apk,news
com.cdtv.app_80.apk,news
com.tianjinwe.news_112.apk,news
com.founder.jingmen_66.apk,news
com.theotino.chinadaily_6000015.apk,news
com.taihai.app2_38.apk,news
cn.cntvnews_726.apk,news
com.mobile01.android.forum_604511156.apk,news
cn.lcxw.zslc_43.apk,news
com.qingyii.mammoth_55.apk,news
com.peopledailychina.activity_1020.apk,news
com.jigyip.android_40.apk,news
com.lenews.ui_103.apk,news
com.cutv.mobile.zsntclient_30700.apk,news
com.witmob.newsdigest_1674.apk,news
com.sogou.toptennews_7176.apk,news
com.iqilu.ksd_52.apk,news
com.gao7.android.newsflash_10300.apk,news
com.icitymobile.xhby_14.apk,news
com.androidyou.infoq_19.apk,news
com.ynet.news_39.apk,news
com.cmstop.bjcb_6.apk,news
com.navfree.android.OSM.USA_100374.apk,news
com.hoge.android.jinan_20161228.apk,news
com.rhct.android.rhctapp_888.apk,news
com.myrbs.mynews_44.apk,news
com.huaxi100.city.yb_20190125.apk,news
org.zywx.wbpalmstar.widgetone.uexweixin_323.apk,news
com.gozap.chouti_300310.apk,news
com.zhejiangdaily_50700.apk,news
com.hoge.android.jmtv_20150814.apk,news
com.xinshui.xsapp_114.apk,news
com.ynxhs.dznews_302.apk,news
com.gov.cn_20.apk,news
com.hanweb.ningbo.activity_530.apk,news
com.yunju.dailynews_67.apk,news
com.founder.shihuabao_28.apk,news
com.valvesoftware.android.steam.community_4909033.apk,news
com.ss.android.article.news_715.apk,news
com.fblife.fblife_74.apk,news
com.sxgd.kbandroid_302.apk,news
com.apicloud.A6971778607788_101.apk,news
com.culiu.tenpics_43.apk,news
com.zskf.activity_500.apk,news
com.jinyan.zuipao_12.apk,news
com.caishi.wuli.wangxiang_2.apk,news
com.gao7.android.weixin_60004.apk,news
com.baozou.baozou.android_35.apk,news
com.wumii.android_3003001.apk,news
com.yd.app_268.apk,news
com.e23.jinannews_4.apk,news
cn.chengdu.in.android_56.apk,news
com.xiaozi.bknews_20800.apk,news
com.owspace.wezeit_48.apk,news
com.qihoo360.bobao_3020.apk,news
com.wondertek.videochina_130.apk,news
com.shangc.tiennews_27.apk,news
com.wuxianxiaoshan.webview_1101.apk,news
cn.cnr.chinaradio_109.apk,news
com.jussevent.atp_151018.apk,news
com.zstv_20190227.apk,news
com.qihoo360.news_shell_ylnews_4.apk,news
com.dzwww.dzrb.zhsh_43.apk,news
com.ebnews_91.apk,news
com.hzpd.xmwb_710.apk,news
com.yunger.tong_23.apk,news
com.danielstudio.app.wowtu_63.apk,news
com.vcread.android.pad.zgjyb_7.apk,news
com.litchitv.lycheeclient_20181201.apk,news
com.yunzhi.infinite_53.apk,news
com.caishi.vulcan_18.apk,news
com.coohua.xinwenzhuan_30356.apk,news
com.touchtv.mj.fun_4.apk,news
com.usatoday.android.news_100.apk,news
com.shanxidaily.activity_40.apk,news
net.xinhuamm.temple2.activity_400.apk,news
cn.hnr.news_37.apk,news
com.im.zhsy_51.apk,news
com.hoge.android.app.shaoxing_20180810.apk,news
com.hoge.android.app.yantai_20181225.apk,news
com.leiphone.app_140683.apk,news
com.android.KnowingLife.cnxw_1300.apk,news
com.sina.news.lite_144.apk,news
com.ada.app.dayarticle_35.apk,news
com.easaa.hbrb_502.apk,news
com.shwatch.news_551.apk,news
com.cutt.zhiyue.android.app319144_1077.apk,news
com.bolfish.NewsReader_BBCSports_45.apk,news
com.telecom.smartcity_65.apk,news
cn.guancha.app_201901180.apk,news
com.cn21.android.news_506.apk,news
com.jhdapp.xhbycm_55.apk,news
com.aheading.news.zunyirb_881.apk,news
com.lvyerose.news_1.apk,news
com.nate.android.portalmini_87.apk,news
com.kankanews.kankanxinwen_59.apk,news
com.wwcw.huochai_29.apk,news
com.jike.news_26.apk,news
com.jl.songyuan_32.apk,news
com.example.xiaoyuantong_22.apk,news
net.xinhuamm.d0148_2.apk,news
com.zszs.activity_100.apk,news
com.yicai.news_71.apk,news
com.businessvalue.android.app_20190226.apk,news
com.paidai.jinghua_37.apk,news
com.ssyx.infos_20.apk,news
com.dongqiudi.news_188.apk,news
com.eastedge.zhuzhounews_856.apk,news
com.ifensi.fansheadlines_75.apk,news
com.new_qdqss.activity_707.apk,news
com.gx.doudou_10.apk,news
com.founder.zhanjiang_41.apk,news
cn.com.caijing.activity_11.apk,news
com.wznews.news.app_410.apk,news
com.myzaker.ZAKER_Phone_790.apk,news
com.vland.aquaticproducts_37.apk,news
com.johesoft.news_14.apk,news
com.zskj.slowjournalism_1152.apk,news
com.cdvcloud.firsteye_25.apk,news
com.caishi.phoenix_3.apk,news
net.xinhuamm.d0880_300.apk,news
com.tianyue.solo_450.apk,news
com.lstv.app_7.apk,news
com.thomsonreuters.reuters_333.apk,news
news.cnr.cn_67.apk,news
cn.brtn.bbm_18.apk,news
com.yueying.bXinWen_33.apk,news
com.sobeycloud.project.gxapp_9.apk,news
com.aheading.news.cixirb_512.apk,news
com.ishehui.x79_420.apk,news
com.wz66.app.lw_news_7.apk,news
com.small2.kendonews_103002.apk,news
com.beishu.jinse_3.apk,news
com.cmstop.zgjdw_14.apk,news
cn.com.enorth.enorthnews_201606.apk,news
cn.com.rayli.magazinehouse_70.apk,news
com.bandaorongmeiti.news_510.apk,news
com.hoge.android.app.yantaibaoye_20180531.apk,news
com.newquick.xinhua.shuozhou_3.apk,news
com.baidu.sumeru.tc2122608_3.apk,news
com.ule678.market_120.apk,news
com.wtxg.weikan_1.apk,news
com.maiku.news_12.apk,news
com.liba.attention.shanghai_176.apk,news
com.zxterminal.activity.c_60.apk,news
com.medium.reader_1000056.apk,news
com.imaginationstudionew_30909.apk,news
com.tadu.android.androidread_1135.apk,news
io.dcloud.H55BDF6BE_201902270.apk,news
com.laoxinwen.app_67.apk,news
com.mbalib.android.news_21.apk,news
com.instars.xingdong_96.apk,news
com.newgen.qinghai_18.apk,news
com.cdsb.tanzi_351.apk,news
com.m86.xqz_1.apk,news
com.xdtech.news.greatriver_38.apk,news
com.smarttec.freefm_28.apk,news
com.eebochina.cbmweibao_1002.apk,news
cn16163.yule_16713.apk,news
com.timeweekly.timefinance_37.apk,news
com.kuaima.kuailai_210.apk,news
net.xinhuamm.d0587_3.apk,news
cn.xxcb.news_50000.apk,news
com.wondertek.cj_yun_190.apk,news
com.sohu.infonews.growth_13.apk,news
com.neusoft.app.beijingdaily.phone_22.apk,news
io.manong.developerdaily_18071623.apk,news
com.accelerate.projects.ycwb_16.apk,news
com.tec.thinker.sm_38.apk,news
com.knew.feed_7954.apk,news
com.joygo.quanzhou_191.apk,news
com.lemonde.androidapp_850200060.apk,news
com.longtoponline.newsreader_5000263.apk,news
com.newgen.sjdb_29.apk,news
org.xinhua.xnews_international_720.apk,news
com.avenwu.cnblogs_21.apk,news
com.wisdomshandong.app_3430.apk,news
com.newspaper.client_500.apk,news
com.kkeji.news.client_419.apk,news
com.founder.lishui_41.apk,news
com.family.newscenter_21.apk,news
com.yiwan.main.youxunnew_2.apk,news
com.ncape.ht_105.apk,news
com.qzrb.qzapp_68.apk,news
com.weikuai.wknews_280.apk,news
com.spider.reader_403.apk,news
com.rockmobile.octopus_300.apk,news
hg.zp.ui_504.apk,news
com.ly.hbtt_332000.apk,news
com.lzrb.lznews_223.apk,news
com.eastday.listen_news_94.apk,news
com.lcworld.haiwainet_56.apk,news
com.baidu.newsgov_1000.apk,news
com.cnstock.ssnews_105.apk,news
com.cctechhk.orangenews_2506.apk,news
com.founder.huanghechenbao_37.apk,news
com.lpsewa.ualars_9.apk,news
com.app.weiyunews_217.apk,news
io.dcloud.H554B8D4B_227.apk,news
com.cplatform.surfdesktop_229.apk,news
com.xinhuamobile.portal_35.apk,news
com.qjcj.activity_203.apk,news
cn.com.pcgames.android.browser_201.apk,news
com.ruanmei.ithome_20006700.apk,news
com.cutv.shakeshake_81.apk,news
com.banma.mooker_18.apk,news
com.TYDaily_2008.apk,news
com.ldfs.wxkd_414.apk,news
com.iyuba.englishnews_51.apk,news
com.cctv.ugc_109.apk,news
com.shuaizheng.shuaizhengapp_53.apk,news
com.tencent.reading_5010.apk,news
com.himi.kmtv.activity_67.apk,news
com.sunixtech.bdtv_37.apk,news
com.aheading.news.zhutqb_840.apk,news
com.sci99.news.huagong_32.apk,news
net.coollet.infzmreader_46.apk,news
net.xinhuamm.d0968_300.apk,news
com.dingtai.wxhn.activity_702255.apk,news
com.cmstop.stardaily_2.apk,news
com.ping.huanqiu_30.apk,news
oms.mspaces_10551.apk,news
com.lawtv.fapp_36.apk,news
com.so.news.activity_20900.apk,news
com.dongyingnews.dyt_412.apk,news
com.zsxz.activity_421.apk,news
com.lu.newsbanner_301.apk,news
com.happyjuzi.apps.juzi_248.apk,news
com.apicloud.A6983302068105_354.apk,news
com.wc66.news_11.apk,news
cn.tedu.xinwen_1.apk,news
cn.intimes.fanjian_20131212.apk,news
com.cdsb.newsreader_2019022603.apk,news
com.aheading.news.msgbdsb_20161008.apk,news
cn.com.sina.ent_309.apk,news
com.MASTV.hd_20180404.apk,news
com.jiaodong_430.apk,news
com.dzwww.sd.android_5110.apk,news
com.shishi.news_4.apk,news
com.chengdudaily.activity_22.apk,news
com.cnepaper.wcxw_116.apk,news
de.motain.iliga_2120090300.apk,news
com.jsbc.lznews_89.apk,news
com.aheading.news.lanzhourb_514.apk,news
com.dayuw.life_175.apk,news
flipboard.cn_400312.apk,news
com.kangdi.myapplication_1.apk,news
cn.dahebao_67001.apk,news
com.ifext.news_293.apk,news
org.shifen.xinwen_30000.apk,news
com.MatchGo.activity_11.apk,news
com.chlova.kanqiula_33.apk,news
com.huaxi100.hxdsb_20160113.apk,news
com.yidian.dk_49002.apk,news
com.sogou.se.sogouhotspot_5890.apk,news
com.haokanhaokan.news_430.apk,news
com.zzwanbao_453.apk,news
com.huanqiu_44.apk,news
com.ibokan.activity_16.apk,news
com.weather.Weather_811010138.apk,news
com.ifanr.activitys_47.apk,news
com.wallstreetcn.news_710.apk,news
com.tengchu_116.apk,news
com.sunstar.agronet_47.apk,news
com.china.chinanews_440.apk,news
org.ya.mariko_5.apk,news
com.oppo.cameracom.android.ctsxinwen_17368576.apk,news
com.cnc.cncnews_8.apk,news
com.qianlong.bjissue_38.apk,news
com.mztv.wxmz_30.apk,news
com.cmstop.iybtvcn_211.apk,news
com.lswb.liaoshen_30616.apk,news
com.fawan.news_42.apk,news
com.aim.mubiaonews_10.apk,news
com.yun121.wifi.dsbapp_313.apk,news
com.cmstop.shaoxing_400.apk,news
com.shangc.tiennews.taizhou_68.apk,news
net.bontec.wxqd.activity_52.apk,news
com.yesky.tianjishuma_17.apk,news
cn.viaweb.toutiao_121.apk,news
com.MeiHuaNet_68.apk,news
flipboard.app_4144.apk,news
com.ft_74.apk,news
com.ngjb.jinwangx_80.apk,news
com.wujiemedia.app_468.apk,news
com.founder.qingyuan_6.apk,news
com.sichuanol.cbgc_34.apk,news
com.zhihu.daily.android_798.apk,news
com.cmstop.yanews_1.apk,news
com.tidemedia.nntv_201902271.apk,news
com.cn.ncnews_5.apk,news
com.android.xcy.carstudy_31.apk,news
com.github.obsessive.onenews_114.apk,news
com.polysoft.feimang_49.apk,news
com.taoche.qctt_7480.apk,news
com.xcecs.iappk.f155ed83698f4a4ef69ef3cb49b4e64c1c_16.apk,news
com.clzg.zscc_618.apk,news
com.yk.banan_3021.apk,news
com.founder.kejia_7.apk,news
com.caishi.kuaishou_43.apk,news
com.mobile17173.game_5530001.apk,news
com.china.mobile.chinamilitary_253.apk,news
com.qihoo360.news_shell_SYWB_7.apk,news
com.mythlink.weixin_41.apk,news
net.xinhuamm.xwxc.activity_202.apk,news
com.lz.activity.langfang_28.apk,news
com.client.mpc.pad.kan.app_226.apk,news
com.cutv.mobile.zsncclient_43.apk,news
com.goldheadline.news_163.apk,news
com.wzrb.lcmobile_1.apk,news
cn.rarb.wxra_47.apk,news
com.nortl.lynews_4.apk,news
com.vobileinc.mzts_18.apk,news
com.hoge.android.app.jishixinwen_20151230.apk,news
com.chinatruck.app_3.apk,news
com.twentyfirstcbh.epaper_46.apk,news
com.iCitySuzhou.suzhou001_58.apk,news
com.changcheng.newsapp_20190227.apk,news
com.zol.android_134.apk,news
com.qikan.dy.lydingyue_76.apk,news
com.dxrm.news_7.apk,news
pack.mybluedc_20.apk,news
com.kekenet.cnn_4.apk,news
com.palmtrends_liaowang_22.apk,news
com.todaycity_250.apk,news
com.aheading.news.shuqianrb_501.apk,news
com.google.android.apps.genie.geniewidget_33502543.apk,news
com.huizhong.zxnews_55.apk,news
net.xinhuamm.d0622_7.apk,news
com.hoge.android.wuhan_20180005.apk,news
com.magook.kind80_140_73.apk,news
com.theotino.zytzb_4.apk,news
com.tuicool.activity_103.apk,news
com.founder.bjcb_21.apk,news
com.anecdote.wonder_88.apk,news
com.hotim.taxwen.jingxuan_419.apk,news
com.sina.news_306.apk,news
cn.com.modernmedia.tanc_10.apk,news
com.qihoo360.news_shell_cqwb_7.apk,news
com.bbgz.android.app_99.apk,news
com.zxterminal.activity.z6_60.apk,news
com.ly.taotoutiao_236.apk,news
com.tongbanjie.loan.info.android_4.apk,news
com.huanqiu.news_3000837.apk,news
com.cns.mc.activity_6506.apk,news
cn.thecover.www.covermedia_57.apk,news
com.lightsky.video_10275.apk,news
