com.aikan_3893001.apk,novel
com.zhangyou.mjzdksxx_5.apk,novel
com.airsky.novel.study_4092.apk,novel
cn.kuwo.tingshu_8538.apk,novel
com.anysoft.tyyd_80.apk,novel
com.boetech.xiangread_236.apk,novel
com.baidu.aiting_1700.apk,novel
com.hzpz.beyondreader_53.apk,novel
com.snda.tts.service_15_145814.apk,novel
com.sprite.reader_1.apk,novel
com.xtoolapp.bookreader_1114.apk,novel
com.whxs.reader_21.apk,novel
fiction.shuge.free_1.apk,novel
com.sogou.novel_5300.apk,novel
cc.lianzainovel_39.apk,novel
com.txj.novel.forfree_4058.apk,novel
com.imlianai.mininovel_19001200.apk,novel
com.tencent.weread_10135372.apk,novel
com.xiaoshuoting.shupai_86182.apk,novel
com.love.novel_3842051.apk,novel
com.jiubang.bookv4_63.apk,novel
com.remennovel_59.apk,novel
com.kanshu.ksgb.fastread.doudou.mfzsb_3.apk,novel
com.kong.app.book_1000402.apk,novel
com.zskj.axsw_1.apk,novel
com.baidu.shucheng_14201.apk,novel
com.longhui.novel.freeRead_4026.apk,novel
com.tadu.tianler.android_1135.apk,novel
com.ttmfxs_3882057.apk,novel
com.yueray.shugo_24_142717.apk,novel
com.wendingbook.app_320.apk,novel
com.xiaoshuofang.android.reader_10905.apk,novel
com.eonsun.myreader_263.apk,novel
com.iyd.reader.ReadingJoy_5130201.apk,novel
cn.mfxsqbyd.reader_13.apk,novel
com.siyuetian.book_14.apk,novel
com.hk.reader_1000049.apk,novel
com.ledu.ebrowser_2200.apk,novel
com.myyh.mkyd_20.apk,novel
com.dostyle.reader_1200.apk,novel
com.mianfei.book_58.apk,novel
com.king.searchbook_3842051.apk,novel
com.qtsc.xs_3101.apk,novel
com.esbook.reader_1064.apk,novel
com.quanben.book_14.apk,novel
zsxiaoshuodq.book_69.apk,novel
sogou.mobile.explorer_163191.apk,novel
com.jb.kdbook_138.apk,novel
com.dudiangushi.dudiangushi_54001.apk,novel
com.kudian.novel_3882057.apk,novel
cn.wejuan.girl_1003.apk,novel
ai1.mianfei.haohao_3.apk,novel
com.qbxsb_3882057.apk,novel
com.appbyme.app128390_10004.apk,novel
com.tataera.rtxtbook_20.apk,novel
com.book2345.reader_50706.apk,novel
com.chineseall.reader_980.apk,novel
com.shiyin_31.apk,novel
com.txj.novel.wang_4046.apk,novel
com.chaozh.xincao.qumixiaoshuo_71002.apk,novel
com.zhige.ts_9.apk,novel
com.hzpz.reader.android_370.apk,novel
com.justep.x5.ysxs_50311.apk,novel
com.hongxiu.app_10062114.apk,novel
com.kmxs.reader_20300.apk,novel
cn.xs.reader_3002.apk,novel
com.chaozh.xincao.xdxssq_71002.apk,novel
cc.kdqbxs.reader_44.apk,novel
com.shwm.yousheng.resource.listenbooks_2018061216.apk,novel
com.shuqi.cont1_218.apk,novel
com.qing.novel_3842051.apk,novel
com.read.lovebooka_18.apk,novel
com.ljfiction.book_23.apk,novel
com.boyi.byread_203.apk,novel
com.anyview_76.apk,novel
com.jrtd.mfydb_3893005.apk,novel
com.projectreader.reader_2301.apk,novel
com.xuanyuan.novel_3842051.apk,novel
com.reader.firebird_3050300.apk,novel
com.qinyun.novel_3882057.apk,novel
com.fiction.bar_1.apk,novel
com.aishukeem360.ledu_260001.apk,novel
com.kana.reader_42.apk,novel
com.tongyue.jumao_103.apk,novel
com.qihoo.haosou_830.apk,novel
com.soso.framework_5.apk,novel
com.sina.book_41230.apk,novel
com.wyfc.booknovel_20106.apk,novel
jb.activity.mbook_164.apk,novel
com.manshen.dmbj.p360_10.apk,novel
com.binddemo_1.apk,novel
com.cnw.fyread_25.apk,novel
uu.sqxs.iii_2.apk,novel
com.docin.zlibrary.ui.android_4100.apk,novel
com.martian.ttbookhd_183.apk,novel
com.yy.wk_5437.apk,novel
com.txj.listenbook.local_4050.apk,novel
com.quduquxie_35.apk,novel
com.heitao.glqxz.qihoo_274.apk,novel
com.mfcdxiaoshuo.book_71.apk,novel
com.newmbook.android_14_105650.apk,novel
com.shuqi.cont3_207.apk,novel
com.dz.mfxsqj_3893001.apk,novel
org.intellij.bednovel_1041.apk,novel
com.lemi.novel_3882057.apk,novel
com.ushaqi.doukou_140.apk,novel
com.feiyue_2.apk,novel
com.example.reader.main_3.apk,novel
com.xxsyread_620.apk,novel
com.quanben.novel_62.apk,novel
com.tadu.android_1152.apk,novel
com.sytyanqing.book_14.apk,novel
com.bearpaw.novel_3842051.apk,novel
com.iwatch.novel_3882057.apk,novel
com.zyx.sy1302_141.apk,novel
com.tadu.mitaoread_1152.apk,novel
com.jinri.millnovel_30100.apk,novel
com.huabenapp.danmei_107.apk,novel
com.iread.shuyou_23.apk,novel
com.read.lovebook_18.apk,novel
com.plugreader.huaiqangu_3.apk,novel
com.searchbook_3842051.apk,novel
com.chaozh.xincao.qiannianxiaoshuo_71002.apk,novel
com.imread.book_312.apk,novel
com.xunkanxiaoshuo.mfxssc_7.apk,novel
com.zhifeng.humanchain_2.apk,novel
com.zhulang.reader_5000201.apk,novel
com.iBookStar.activity_112.apk,novel
com.zxterminal.activity.z6_60.apk,novel
com.hyx.listen.novel_4472.apk,novel
com.mengmengda.reader_59.apk,novel
com.dinginfo.apps.novel_1_174824.apk,novel
com.qz.reader_300001.apk,novel
com.duole.a.gcd_1.apk,novel
com.quanbennovel_59.apk,novel
com.shuqi.cont2_207.apk,novel
cn.filesearch.xs_22.apk,novel
com.chaozh.xincao.zuoyueshucheng_71002.apk,novel
com.ifeng.reader_40.apk,novel
com.readertt.ttcongxinyuedu_11600.apk,novel
com.bujiadian.txtnovel_23.apk,novel
com.hyx.novel.kankan_4000.apk,novel
com.freereader.kankan_4500.apk,novel
com.ycsd_13.apk,novel
com.readertt.ttaishangyuedu_11900.apk,novel
com.reader.mfxsdq_2020000.apk,novel
com.android.dushiread_1139.apk,novel
com.iyd.reader.ReadingJoy.whole_5110209.apk,novel
com.duokan.fiction_464170224.apk,novel
cc.quanben.novel_51.apk,novel
com.zdmfxsg.bookreader_10.apk,novel
com.yd.Geeks_44.apk,novel
com.abifong.mfxssc_66.apk,novel
com.xs.cn_501.apk,novel
mf.xs.bqsg_2.apk,novel
com.shenma.novel_3882057.apk,novel
com.luochu.reader_62.apk,novel
com.qd.smreader_3670.apk,novel
com.netease.snailread_50.apk,novel
com.read.king_6.apk,novel
com.aishuke.ledu_259019.apk,novel
com.baidu.wenku_5500.apk,novel
com.test.sx_3.apk,novel
com.zsmfxssc_3882057.apk,novel
com.mengjun.Novel_Vest_34.apk,novel
com.lzj.shanyi_27.apk,novel
com.ssnj.fast.read.novles_2018051616.apk,novel
com.team.gcd.heji_6.apk,novel
com.chineseall.cn17k_115.apk,novel
com.zhangyou.mjmfxsdq_50.apk,novel
com.book.ui_13.apk,novel
com.justwayward.newreaderpro_286.apk,novel
com.jingdong.app.reader_403000.apk,novel
com.oukeboxun.yiyueyuedu_2.apk,novel
com.dkmgame.dldldkm.android.qihoo_30.apk,novel
com.midainc.mgamread_201902201.apk,novel
free.xs.hx_4.apk,novel
com.akmfxs_3882056.apk,novel
com.qcxy.qcxyxiaoshuo_10.apk,novel
com.liwei.singlebook_145.apk,novel
com.tudou.TDReader_9.apk,novel
com.gudianbiquge.ebook.app_109.apk,novel
com.ireadercity.b5_502.apk,novel
book.bqxs.mfk_1.apk,novel
com.ireader_3842051.apk,novel
main.opalyer_245.apk,novel
ac.xzreader.book.reader_1030706.apk,novel
com.motan.client.activity1074_17.apk,novel
com.chaozh.xincao.yunqingxiaoshuo_71002.apk,novel
com.ireadercity_5514.apk,novel
com.everyday.novel_3842051.apk,novel
com.chaozh.iReaderFree15_71401.apk,novel
com.txj.novel.all_8046.apk,novel
com.fumei.mr.activity_20140126.apk,novel
com.magic.novel_3842051.apk,novel
com.boe.xiandai_10.apk,novel
com.duole.a.dmysxshj_1.apk,novel
com.doupo.qihu_31.apk,novel
com.zhangyue.tingreader_22.apk,novel
com.goodluck.qianming_38.apk,novel
com.mmd.yynovel_201.apk,novel
com.winter.reader_50101.apk,novel
com.city.novel_3842051.apk,novel
com.fread.interestingnovel_19.apk,novel
com.wyfc.teamplay_20705.apk,novel
com.duokan.freereader_510181212.apk,novel
com.dike.facaimeng_1.apk,novel
com.shuqi.controllerpad_145.apk,novel
com.chineseall.singlebook_147.apk,novel
com.hjz.novel.yuedu_3500.apk,novel
com.xyxs_1030800.apk,novel
com.shuqi.controller_161.apk,novel
com.tadu.mmshuwu_1124.apk,novel
com.jiasoft.novelking_1411.apk,novel
com.xuanhuan.book_14.apk,novel
com.sfacg_3610.apk,novel
com.qihoo.haosou.subscribe.vertical.book_527.apk,novel
com.jb.bdbook.dgifaekcccbeakdeagjgkchieifkdjedaekdiijea_155.apk,novel
com.chunnuan666.reader_2.apk,novel
com.ihuayue.jingyu_286.apk,novel
com.ygxskd_3893001.apk,novel
com.qiannian.novel_3842051.apk,novel
com.novel.down_3882057.apk,novel
com.mengmengda.free_10.apk,novel
com.chaoxing_5003_133253.apk,novel
com.weiyanqing.app_157.apk,novel
com.txtxsdq_3882057.apk,novel
one.hh.oneclient_93.apk,novel
com.guguniao.gugureader_7.apk,novel
com.mfxsjd_3882057.apk,novel
com.dianyue.novel_3882057.apk,novel
com.kingreader.framework_80120.apk,novel
com.moqing.app_164.apk,novel
com.android.toutouyuedu_1151.apk,novel
com.chaozh.xincao.xingmaiyousheng_71002.apk,novel
com.moli.alpaca.app_224.apk,novel
com.jiasoft.swreader_2014.apk,novel
com.zhangyou.zdksxx_53.apk,novel
cn.qbzsydsq.reader_64.apk,novel
com.huabenapp.write_159.apk,novel
com.iBookStar.activityHd_20.apk,novel
com.changdu_2014.apk,novel
com.motan.client.activity2915_15.apk,novel
com.kingreader.framework.hd_80300.apk,novel
com.shu.webview360shupeng_1_173324.apk,novel
com.duole.a.hysxm_1.apk,novel
cn.xs8.app.zonghe_28.apk,novel
com.biquge.book.noverls_14780026.apk,novel
com.trs.xizang.voice_45.apk,novel
com.akqbxs_1010402.apk,novel
cn.zhui.client1706646_78_153839.apk,novel
com.star.reader_3882057.apk,novel
com.datong.news_350.apk,novel
com.yuedu.xxxx.client2068130_79.apk,novel
com.yn.reader_211.apk,novel
com.nil.txt.reader_20161022.apk,novel
cc.quanbennovel_34.apk,novel
com.n86.ana_1.apk,novel
com.dpx.kujiang_79.apk,novel
org.intellij.kd_1061.apk,novel
com.chuanyue.book_14.apk,novel
com.qihoo.contents_1068.apk,novel
com.shunmao.xsssydq_6.apk,novel
com.king.novel_3842051.apk,novel
com.mianfeinovel_59.apk,novel
com.wyfc.writenovel_20609.apk,novel
com.hao.book.noverls_15.apk,novel
cn.kdqbxs.reader_62.apk,novel
com.appbyme.bl_102.apk,novel
com.huabenapp.love_115.apk,novel
com.faloo.BookReader4Android_68.apk,novel
com.gaide.huluworld_26.apk,novel
com.qbmfxsjx7_3882057.apk,novel
com.tataera.novelreader_17.apk,novel
com.xers.read_11.apk,novel
com.chaozh.iReaderFree_71401.apk,novel
com.dangdang.reader_6780.apk,novel
com.kanshu.reader_43342.apk,novel
com.jyreader_3882057.apk,novel
com.xiaoxia.kdys_26.apk,novel
com.yuelan.goodlook.reader_4200.apk,novel
com.igod.novel_3842051.apk,novel
szsx.mf.novel.listenvioce_698674.apk,novel
com.zhangyou.plamreading_66.apk,novel
com.kauf.talking.princess_103.apk,novel
com.maiton.xsreader_4.apk,novel
com.qbkd.book_20.apk,novel
com.ikxiaoshuo.book_143.apk,novel
com.kuangxiang.novel_15515.apk,novel
com.jjwxc.reader_101.apk,novel
com.lucenly.pocketbook_30.apk,novel
com.hunter.kuaikan_270000.apk,novel
com.danmei.novel_3882057.apk,novel
com.mbook.android_16.apk,novel
com.exceed.novel_3882057.apk,novel
com.lectek.android.sfreader_620.apk,novel
com.duantian.shucheng_22.apk,novel
com.xiyuedu.reader_126.apk,novel
bubei.tingshu_19650.apk,novel
oxm.fiction.book_3.apk,novel
com.tadu.android.androidread_1135.apk,novel
com.wyfc.txtbook_20202.apk,novel
com.lt.bc.mb.qddyd_34.apk,novel
syzr.novels.download.read_20160905.apk,novel
com.pitoo_311.apk,novel
ai.mianfei.haohao_3.apk,novel
com.netease.pris_111.apk,novel
com.ishugui_3893006.apk,novel
com.mengjun.DanNovel_66.apk,novel
com.sostation.mbreader_20190306.apk,novel
com.yueduke.zhangyuhudong_17.apk,novel
bubei.tingshuhd_1.apk,novel
com.duyao.poisonnovel_231.apk,novel
com.zhuohuamg.daomu.qihoo360_131772.apk,novel
com.empty.bottle.joke_4.apk,novel
com.sub.reader.shulingxiaoshuo_5110209.apk,novel
com.wanshua_356.apk,novel
com.justwayward.newreaderprotwo_245.apk,novel
com.qq.reader_124.apk,novel
com.shenyan.novles.reader.best_20170622.apk,novel
cb.npvels.mianfei_252.apk,novel
com.qie.novel_3882057.apk,novel
com.ym.qydmfxs_6.apk,novel
com.huotun.novel_106.apk,novel
com.quickread_3842051.apk,novel
cn.htjyb.reader_117.apk,novel
com.m36fun.xiaoshuo_23.apk,novel
com.qumi.novel_3882057.apk,novel
com.lianzainovel_72.apk,novel
com.iyd.reader.ReadingJoy.aixiaoshuo_5110209.apk,novel
com.mengmengda.zzreader_11.apk,novel
com.world.novel_3842051.apk,novel
com.dz.akmianfeixiaoshuoyueduduan_1010401.apk,novel
com.heiyan.reader_84.apk,novel
com.xn.freeread_4.apk,novel
com.kong.app.book.fengniao_1000402.apk,novel
com.JoyReading_441.apk,novel
com.mianfeia.book_73.apk,novel
juu.freebook.rea_7.apk,novel
study.readbook.chinesecollection_334.apk,novel
com.huabenapp_160.apk,novel
com.ruokan.app_165.apk,novel
com.ystech.freereader_4.apk,novel
com.zzsc_3882057.apk,novel
com.hunter.book_1_162906.apk,novel
com.qmmfxs_3882057.apk,novel
com.zongheng.reader_55021.apk,novel
com.dzmf.zmfxsdq_10008203.apk,novel
com.zuidie.bookreader_2530.apk,novel
com.ai.browser_38.apk,novel
com.paiba.app000005_30200.apk,novel
com.chaozh.xincao.shumiyanqing_71002.apk,novel
com.lt.bc.mb.xsb_31.apk,novel
com.beijingjsoft.happy.reader_237.apk,novel
com.lechuan.midunovel_313.apk,novel
com.qingfeng.novel_3842051.apk,novel
com.dz.akqieread_1030306.apk,novel
com.unlimit_x.ulreader_2003.apk,novel
com.snda.cloudary_150.apk,novel
com.lgy.android.book_9.apk,novel
com.snda.starapp.app.rsxapp_53.apk,novel
com.ireadercity.xsmfdq_5514.apk,novel
com.qihoo.appstore.bookstore_200912.apk,novel
com.wedevote_144.apk,novel
com.jie.book.noverls_36.apk,novel
cn.xs8.app_10064001.apk,novel
com.txj.novel.hot_4052.apk,novel
com.tadu.xiangcunread_1155.apk,novel
com.m37.dldl.sll_110.apk,novel
com.shunwang_433.apk,novel
com.fiction.book_3.apk,novel
com.dz.wbmfxs_3832043.apk,novel
com.shuqi.contq1_207.apk,novel
com.gosing.ch.book_34.apk,novel
com.shu0_19.apk,novel
com.itangyuan_50409.apk,novel
com.ifeng.android_44.apk,novel
com.ireadercity.m3_5421.apk,novel
com.lemeng.reader.lemengreader_1800.apk,novel
com.nd.android.pandareader_84417.apk,novel
com.qbmfxsdq_3882057.apk,novel
com.lkm.langrui_70.apk,novel
com.mili.sxqbmfxs_3.apk,novel
com.dream.fiction.free_4002.apk,novel
com.lemon.reader_20.apk,novel
com.boe.love_32.apk,novel
com.guapia.newreader_103.apk,novel
cn.qbmfrmxs.reader_7.apk,novel
com.yokong.reader_72.apk,novel
net.xssc.app_330.apk,novel
com.kuaikan_1.apk,novel
com.ophone.reader.ui_164.apk,novel
com.wtzw.reader_157.apk,novel
com.dushi.book_14.apk,novel
com.zwxiaoshuo.book_143.apk,novel
com.ireadercity.b2_5411.apk,novel
com.shiyoukeji.book.activity_466.apk,novel
com.ning.freexiaoshuo_2.apk,novel
com.ydq.reader_100000077.apk,novel
com.htds.book_1300.apk,novel
com.just.wholewriter_76.apk,novel
com.byread.reader_98.apk,novel
com.ts.ysdw_47.apk,novel
com.duokan.reader_584190226.apk,novel
com.airsky.book.wang_8054.apk,novel
com.iyd.reader.ReadingJoy.manhua_5110209.apk,novel
com.wanshao.hhkj.free.novels.collector_2018040817.apk,novel
com.ihuayue.jingyu.huawei_251.apk,novel
com.yuyuexs.app_33.apk,novel
cc.mianfeinovel_34.apk,novel
com.jiubang.quicklook_60.apk,novel
com.free.reader_114.apk,novel
com.douyue.novel_106000.apk,novel
com.zhuoyue.novel_3842051.apk,novel
com.spring.reader_492.apk,novel
com.yunlan.yunreader_2003.apk,novel
com.kdxs_3882057.apk,novel
com.xiaoshuo520.reader_28.apk,novel
com.onepointfive.galaxy_11.apk,novel
com.hudong.weiboYQXSG_1_161023.apk,novel
com.jiubang.quickreader_14.apk,novel
com.wyfc.lovenovel_40103.apk,novel
com.xhhread_19.apk,novel
com.zhangzhongyun.inovel_144.apk,novel
in.iqing.app_32911.apk,novel
com.msxf.app_422.apk,novel
com.star.novel_3882057.apk,novel
com.martian.ttbook_184.apk,novel
com.unicom.zworeader.ui_564.apk,novel
com.ruochu.reader_73.apk,novel
com.yq.qcxyyc_10.apk,novel
com.offline.novel_3842051.apk,novel
com.wyfc.itingtxt_140601.apk,novel
com.taptech.doufu_900090101.apk,novel
com.tianxing.voicebook_113.apk,novel
com.wyfc.itingtxt2_307005.apk,novel
com.jx.lx_4.apk,novel
com.txj.listenbook.free_8048.apk,novel
com.qiyi.video.reader_2201.apk,novel
com.dangdang.original_4.apk,novel
com.starbook.aimo_2.apk,novel
com.txj.novel.complete_4050.apk,novel
com.kanshu.ksgb.fastread.doudou_23.apk,novel
cn.wejuan.reader_2000.apk,novel
com.iyd.reader.ReadingJoy.paihang_5110209.apk,novel
com.ximalaya.ting.android_227.apk,novel
com.resou.reader_11.apk,novel
com.zhuoyouapp.reader_12.apk,novel
com.hzpz.chatreader_11.apk,novel
com.auto.learning_337.apk,novel
com.TXTmfxs.singlebook_145.apk,novel
com.imohoo.ebook_10.apk,novel
com.ushaqi.zhuishushenqi_4090.apk,novel
com.mengmengda.nxreader_14.apk,novel
com.voga.readcool_13.apk,novel
com.read.lovebookc_18.apk,novel
com.cong.reader_406.apk,novel
com.ireadercity.m2_502.apk,novel
com.txtbook.reader_3882057.apk,novel
com.mht.mkl.voice_19.apk,novel
com.laikan.reader_25.apk,novel
com.TXTwbxs.singlebook_145.apk,novel
cn.com.kuting.activity_247.apk,novel
com.qixiao.qrxs_322.apk,novel
com.chunnuan999.reader_7.apk,novel
com.lover.novel_3882057.apk,novel
com.flyersoft.seekbooks_160001.apk,novel
com.qidian.QDReader_380.apk,novel
com.wind.novel_3882057.apk,novel
com.ebook.free_3882057.apk,novel
com.huabenapp.xuanhuan_44.apk,novel
com.baidu.yuedu_5991.apk,novel
com.koalareading.koalareading_3610.apk,novel
com.shg.novel.yueduqi_4474.apk,novel
com.duole.a.cynqysxs_1.apk,novel
com.gugalor.aimo_10.apk,novel
com.wbmfxs_3882057.apk,novel
com.dz.jpxs_1010313.apk,novel
com.cliff_50107.apk,novel
com.tanran.reader_17.apk,novel
com.lectek.android.LYReader_438.apk,novel
com.hdwh.hongdou_20.apk,novel
com.pkhy.whole.free.novels_20180228.apk,novel
com.freeread.hd_100000072.apk,novel
com.nanjing.readintroduce.novels_20180301.apk,novel
com.mfxskd_3893007.apk,novel
zsjh.sx.novel_13.apk,novel
com.star.listenbook_3882057.apk,novel
com.ushaqi.shiyuankanshu_3020.apk,novel
com.xiamixiaoshuo.android_2.apk,novel
com.lwby.breader_11.apk,novel
com.kongbu.xuanyixiaoshuo_10.apk,novel
kd.xiaoshuo.bqsg_2.apk,novel
com.txj.novel.ba_4070.apk,novel
com.huabenapp.exo_159.apk,novel
com.netease.tinytimes.qihoo_28.apk,novel
com.yzlm.mfxs_5.apk,novel
com.kanshu.ksgb.fastread_14.apk,novel
com.jinpang.fiction.qingting_4046.apk,novel
com.wmyd.main_1500.apk,novel
com.bytetech1_606.apk,novel
com.xn.xiaoyan_9.apk,novel
com.kk.ebook_3882057.apk,novel
com.tianyi.pager_11.apk,novel
