com.kaixin.android.vertical_3_gcwspdq_65050.apk,video
com.jovetech.CloudSee.temp_192.apk,video
cn.citytag.mapgo_421.apk,video
com.screeclibinvoke_20190304.apk,video
com.tencent.tmgp.sixrooms_85.apk,video
vip.sinmore.meigui_1.apk,video
tv.xiaoka.live_101.apk,video
com.tiange.hz.paopao8_440.apk,video
com.qingxu.dollmachine_55.apk,video
com.funshion.video.mobile_722.apk,video
com.magisto_319.apk,video
com.huajiao_6721025.apk,video
com.softgarden.weidasheng_328.apk,video
com.springwalk.mediaconverter_51.apk,video
com.lt.WBTaoBaoKe_999.apk,video
com.sina.show.economy_103.apk,video
com.qihoo.video_170.apk,video
com.jczq.sjb.lt1_1.apk,video
com.microsoft.office.lync15_102039574.apk,video
com.hoge.android.chinablue_729.apk,video
com.xglive.girlstribe_32.apk,video
com.douquzhibo.zhibo_151.apk,video
com.luhu.livemailiao_404.apk,video
com.lehai.ui_99.apk,video
cn.myhug.baobao_75100.apk,video
com.mxtech.videoplayer.pro_700000077.apk,video
com.xiangyue.diupin_11.apk,video
com.guojiang.meitu.boys_502.apk,video
com.shejiao.boluojie_20190129.apk,video
com.mifeng.ui_46.apk,video
com.baidu.haokan_411011.apk,video
com.vst.itv52.v1_3050.apk,video
com.sohu.youju_20190307.apk,video
com.adventure.live_46.apk,video
com.erdo.android.FJDXCartoon_4002002.apk,video
cn.zuocaivideo_48035.apk,video
com.aipai.paidashi_709.apk,video
com.kandian.vodapp_302.apk,video
com.yy.meplus_944.apk,video
com.yunfan.topvideo_766.apk,video
com.meelive.ingkee_1900.apk,video
com.shiwan.android.lol_65.apk,video
com.soku.videostore_37.apk,video
com.sohu.tv_6030000.apk,video
net.brillientapp.videoeditor_30.apk,video
com.huawei.himovie_80231301.apk,video
com.kingnet.xyclient.xytv_60.apk,video
com.yunos.tvhelper_2100500016.apk,video
com.angjoy.app.linggan_580.apk,video
com.duoduo.oldboy_2720.apk,video
com.androvidpro_2932.apk,video
com.telecom.video.ikan4g_2105315007.apk,video
com.aipai.android_nizhan_250002.apk,video
com.waqu.android.vertical_meiju_66065.apk,video
cn.colorv_297.apk,video
com.iqudian.app.gaoxiao_38.apk,video
com.douban.movie_81.apk,video
com.huolea.bull_105.apk,video
com.kuaigeng.video_4992.apk,video
com.maozhua_12.apk,video
com.tencent.research.drop_438.apk,video
com.touchtv.mj.live_2.apk,video
com.laihua.standard_19022850.apk,video
video.vue.android_104.apk,video
com.ss.android.ugc.live_585.apk,video
com.kascend.video_124.apk,video
com.youku.vr.lite_45.apk,video
com.miliao.ui_13.apk,video
com.issess.flashplayer_483.apk,video
com.goseet.VidTrimPro_62.apk,video
com.videogo_81.apk,video
me.abitno.vplayer.t_326.apk,video
cn.joy.android.activity_20140619.apk,video
com.youku.crazytogether_230.apk,video
com.tianxian.ui_10.apk,video
com.funshion.video.pad_325.apk,video
com.rdtd.kx_212.apk,video
com.waqu.android.vertical_mingruoxiaoxi_66085.apk,video
com.iqiyi.share_25.apk,video
com.sony.tvsideview.phone_105020300.apk,video
com.tiange.multiwater_300.apk,video
com.sinyee.babybus.video_60202.apk,video
com.storm.smart.libso.v6a_25.apk,video
com.smile.gifmaker_8246.apk,video
com.youshixiu.minecraft_5627.apk,video
com.zhiyuan.android.vertical_s_aoteman_66070.apk,video
com.ifeimo.videoeditor_20190214.apk,video
com.cmcc.cmvideo_25000510.apk,video
com.busap.myvideo_263.apk,video
com.cnlzd.haopai_116.apk,video
com.waqu.android.general_guangchangwu_66065.apk,video
com.youku.phone_186.apk,video
air.com.spore.new_28.apk,video
com.netease.vopen_20190304.apk,video
com.netease.cc_447404.apk,video
superstudio.tianxingjian.com.superstudio_1230.apk,video
com.wolaixiu.star_39.apk,video
cn.pipi.mobile.pipiplayer_20190227.apk,video
com.adobe.flashplayer_111115081.apk,video
com.ecare_36.apk,video
org.fungo.vest2_4510.apk,video
com.kpie.android_103.apk,video
cn.com.kanjian_510.apk,video
com.happyteam.dubbingshow_1175.apk,video
com.netease.vshow.android_122.apk,video
com.taohua.live_237.apk,video
and.utoo.haomen_1903062100.apk,video
com.tiange.hz.yuhuolive_110.apk,video
com.shl.takethatfun.cn_23.apk,video
com.demaxiya.lol_20.apk,video
com.hzsj.dsjy_95.apk,video
com.hhly.mlottery_50.apk,video
com.iqiyi.news_112.apk,video
com.uvoice.videoshow_1107.apk,video
com.fxtv.threebears_460.apk,video
com.txj.play.free_944.apk,video
com.redirectin.rockplayer.android.unified_17006_182149.apk,video
com.baidu.video.pad_1073701519.apk,video
xiyuan.hoping.org.xiyuan_564.apk,video
com.mi.vtalk_104085.apk,video
com.cmcc.wificity_300.apk,video
com.youhuo.ui_4.apk,video
com.taidou.ledu_75.apk,video
com.real.RealPlayer_27.apk,video
com.xys.yiban_20500000.apk,video
com.example.cloudvideo_44.apk,video
com.waqu.android.vertical_streetdance_66065.apk,video
com.melot.meshow_6300.apk,video
com.telecom.video_2105343011.apk,video
com.sinashow.live_8759.apk,video
com.aipai.android_cf_120009.apk,video
com.jiaoliuqu.lsp_105.apk,video
com.ifeng.newvideo_70509.apk,video
com.waqu.android.guitar_66065.apk,video
com.renren.mini.android_9030700.apk,video
qsbk.app.remix_631.apk,video
com.nvsip.temp_98.apk,video
com.haiqiu.miaohi_13495.apk,video
com.yixia.videoeditor_67257.apk,video
com.v1.vr_27.apk,video
com.doudou.ysvideo_81.apk,video
com.waqu.android.vertical_hairstyle_66070.apk,video
com.gevek.appstore_188.apk,video
com.wdliveuc.android.ActiveMeeting7_53.apk,video
com.waqu.android.vertical_taichi_65050.apk,video
com.waqu.android.vertical_yoga_66070.apk,video
com.guagua.qiqi.live_136.apk,video
cn.coolyou.liveplus_3402019.apk,video
com.clov4r.android.nil_3053.apk,video
com.ku6.kankan_1812030.apk,video
com.leo.music.sel3_9_171536.apk,video
com.jjhgame.live_48.apk,video
com.shejiao.yueyue_20190226.apk,video
com.togic.livevideo_126.apk,video
com.vst.live_82.apk,video
com.kanke.video_7060.apk,video
com.sup.android.superb_163.apk,video
com.hisunflytone.android_177.apk,video
com.iqudian.app.guangchangwu_45.apk,video
com.zsyj.aipaper_23.apk,video
com.wali.live_505019.apk,video
cn.feihutv.zhibofeihu_10090.apk,video
com.chineseall.youzi_25.apk,video
com.le123.ysdq_1032.apk,video
and.zhima.babymachine_497.apk,video
com.unicom.woshipin_53.apk,video
com.letv.android.client_391.apk,video
com.stupeflix.replay_104007.apk,video
com.waqu.android.general_video_66105.apk,video
com.xvideostudio.videoeditor_2545.apk,video
com.duowan.minivideo_2619.apk,video
com.meimei.yulove_331.apk,video
com.hongren.ui_149.apk,video
com.tudou.xoom.android_24.apk,video
com.cnlive.movie_639.apk,video
air.fyzb3_201708030.apk,video
com.ccvideo_140.apk,video
com.kugou.fanxing_44018.apk,video
com.joytv.hanju_105.apk,video
com.miui.video_2018090790.apk,video
com.ma.moface_6314.apk,video
com.gdswww.zdw_21.apk,video
com.weipai.weipaipro_220.apk,video
com.mxtech.ffmpeg.v6_vfp_85.apk,video
com.Huosu.p2psearcher_1407.apk,video
cn.v6.xiuchang_85.apk,video
com.ku6.client.ui_88.apk,video
com.waqu.android.general_child_785.apk,video
com.yunshang.play17_2030.apk,video
com.dkj.show.muse_145.apk,video
tv.yixia.bobo_1658126.apk,video
com.chengzivr.android_117.apk,video
com.bokecc.dance_195.apk,video
com.sohu.sohuvideo_7001003.apk,video
im.qvod.android_200000.apk,video
com.cnr.fm_121.apk,video
tv.tiantian.zhibo_17060623.apk,video
com.aipai.android_minecraft_612.apk,video
com.imay.live_233.apk,video
cn.kuaipan.android_180330.apk,video
com.iqudian.app.huazhuang_33.apk,video
com.meiyuan.ui_123.apk,video
com.tudou.android_10051.apk,video
com.xunlei.kankan_372.apk,video
com.androidemu.gbapmwhite_820190122.apk,video
com.kandian.hdtogoapp_311.apk,video
com.cmvideo.migumovie_64000023.apk,video
com.zhadui.stream_1100.apk,video
cn.v6.sixrooms_85.apk,video
com.m1905.mobilefree_106.apk,video
com.mobile.videonews.li.video_531.apk,video
roman10.media.convertercn_1.apk,video
mobi.hifun.seeu_33.apk,video
com.langu.aiai_93.apk,video
com.ccpcreations.android.VLW_7.apk,video
com.lcworld.shafamovie_149.apk,video
com.txj.play.complete_762.apk,video
com.huomaotv.mobile_85.apk,video
com.msports.tyf_718.apk,video
com.gameabc.zhanqiAndroid_182.apk,video
com.waqu.android.vertical_babydance_660.apk,video
com.xunlei.cloud_11171.apk,video
com.vronline.appstore_3.apk,video
org.dailydev.flasher.1294826776422.apk,video
com.pplive.androidpad_202.apk,video
com.pplive.androidphone.sport_109.apk,video
com.tencent.qqlivepad_5216.apk,video
com.iqudian.general_36.apk,video
com.changba.live_330.apk,video
com.movier.magicbox_312.apk,video
com.tencent.now_1701.apk,video
com.supercreate.rhvideo_16.apk,video
com.douquhd.xiaotu_134.apk,video
com.waqu.android.vertical_xiaopingguo_66085.apk,video
com.li.videoapplication_201901009.apk,video
tv.pps.tpad_211.apk,video
com.nexstreaming.app.kinemasterfree_12547.apk,video
com.kk.xx.newplayer_229.apk,video
com.dongua_12.apk,video
com.iqudian.app_15.apk,video
com.yy.a.liveworld_2686.apk,video
com.arefilm_78.apk,video
com.smallyin.vedioedit_10.apk,video
com.waqu.android.vertical_kemu2_66070.apk,video
com.konka.MultiScreen_84078.apk,video
com.waqu.android.vertical_yuju_65050.apk,video
com.leku.hmsq_2770.apk,video
com.thinkyeah.galleryvault_2109.apk,video
com.ztgame.dudu_2532.apk,video
com.aolgsky.android.show.hai_472.apk,video
com.langu.spx_19.apk,video
cn.quicktv.androidpro_759.apk,video
com.shejiao.boluobelle_20190307.apk,video
com.memezhibo.android_7090.apk,video
com.fuyin.video_330.apk,video
com.moqu.dongdong_6314.apk,video
com.ss.android.article.video_338.apk,video
com.klm123.klmvideo_76.apk,video
com.miqtech.wymaster.wylive_100600.apk,video
com.hlg.xsbapp_46.apk,video
com.aipai.android_dnf_460001.apk,video
com.showself.ui_152.apk,video
com.biyi.live_310.apk,video
com.qiyi.video_81240.apk,video
cn.cntvhd_60504.apk,video
com.waqu.android.vertical_babystory_665.apk,video
com.aijianji.clip_54.apk,video
com.youle.video_119.apk,video
cn.liangzemu.yvieo_45.apk,video
com.sohu.qianfan_102.apk,video
tv.pps.mobile_80990.apk,video
com.xhb.xblive_63.apk,video
tv.yilan.howto.app_227.apk,video
com.yiren.ui_2.apk,video
com.li.newhuangjinbo_84.apk,video
yong.universalplayer_467.apk,video
com.lawu.live_211.apk,video
com.ztzj.jhsp_153.apk,video
com.xvideostudio.videocompress_2007.apk,video
com.adobe.air_25020134.apk,video
com.ninexiu.sixninexiu_181.apk,video
cn.wmlive.hhvideo_21100.apk,video
com.guagua.qiqi_910.apk,video
com.video.tool_2019012901.apk,video
com.perfect.player_1070.apk,video
com.andrew.apollo_3.apk,video
com.sparke.clipmaster_104.apk,video
com.wole56.weibojianghu_111.apk,video
tv.yilan.gaoshou.aphone_40.apk,video
com.daxiang.live_22.apk,video
com.gaoqing.android_72.apk,video
com.yxd.live_465.apk,video
com.yixia.xiaokaxiu_240700.apk,video
com.yr.huajian_62200.apk,video
com.pplive.androidphone_278.apk,video
com.xbrbt.world_31.apk,video
com.nacai.taose_376.apk,video
com.feibo.joke_48.apk,video
com.cykj.chuangyingdiy_24.apk,video
com.waqu.android.vertical_awkward_66065.apk,video
com.mobimtech.natives.ivp_799.apk,video
com.sloth.removelogo_35.apk,video
com.shangshaban.zhaopin.activity_74.apk,video
com.ant.antvideo.android.bluedq_48.apk,video
com.tencent.tv.qie_10060013.apk,video
com.silentlexx.ffmpeggui_40.apk,video
com.chinablue.tv_85.apk,video
com.szcs.kankan.yingyin.best_2018030713.apk,video
com.xiaozhutv.pigtv_30707.apk,video
com.orange.appstore_3.apk,video
com.goplayer_103200.apk,video
com.quickplay.tvbmytv_220.apk,video
com.waqu.android.vertical_babysong_660.apk,video
com.com.baomihuawang.androidclient_193.apk,video
com.asdf.quanmingdianjing_4.apk,video
com.baidu.minivideo_80.apk,video
com.shinyv.pandamtv_31.apk,video
cn.emagsoftware.gamehall_9070.apk,video
com.duowan.kiwi_22676.apk,video
com.kmplayer_1263.apk,video
com.lokinfo.android.gamemarket.mmshow_2693.apk,video
com.net.yuesejiaoyou.redirect.ResolverD.interface4_13.apk,video
org.fungo.a8sport_300950.apk,video
com.rn.hanju_5.apk,video
com.waqu.android.vertical_youtube_66065.apk,video
com.youyu.galiao_20190118.apk,video
com.xiaochang.easylive_263.apk,video
com.zhongduomei.rrmj.society_160.apk,video
com.lefun2.lferge2.android_190.apk,video
com.duowan.mobile_74239.apk,video
com.eassol.android_2012040118.apk,video
dopool.player_205.apk,video
com.shanju.tv_322.apk,video
com.tiaooo.aaron_20190220.apk,video
com.tencent.qqlive_18223.apk,video
com.fengbo.live_18000.apk,video
com.babycloud.hanju_4300.apk,video
com.yx.hjttk_15.apk,video
com.ruosen.huajianghu_160.apk,video
tv.danmaku.bili_5380000.apk,video
com.cctv.cctv5ultimate_285.apk,video
com.inke.trivia_25.apk,video
com.sdl.xiaoshipin_10.apk,video
com.waqu.android.vertical_cf_670.apk,video
com.zhifu.live_16500.apk,video
com.ttmv.bobo_client_19.apk,video
com.gzlok.gamemarket.yeyue.show_472.apk,video
com.iqiyi.qixiu_55.apk,video
com.wusee.android_45.apk,video
com.xdhy.videocube_1020101009.apk,video
com.xingfabu.direct_2016121601.apk,video
com.yunxingqiu.fl_19.apk,video
com.sina.sinavideo_20160622.apk,video
com.cnr.cnrlive_2703.apk,video
com.yunva.changke_315.apk,video
com.sonymobile.moviecreator.rmm_9306118.apk,video
com.funshion.video_204.apk,video
com.diaobaosq_2016051810.apk,video
com.iyuba.VoaVideo_57.apk,video
com.quvideo.xiaoying_8708061.apk,video
com.geleevr.vrgong_2.apk,video
com.storm.smart_760600.apk,video
com.guagua.guagua_4934.apk,video
com.xfplay.play_500530.apk,video
com.xzwh.cn_20170727.apk,video
com.btime.bjtime_49000.apk,video
com.xunlei.kankan.pad_61.apk,video
com.mxtech.videoplayer.ad_1310001113.apk,video
com.letv.android.client.pad_32.apk,video
com.cutv.shakeshake_81.apk,video
com.umiwi.ui_807.apk,video
com.fungo.loveshow_2062.apk,video
com.duowan.lolvideo_17.apk,video
com.longzhu.tga_2019030415.apk,video
com.wasu.wasuvideoplayer_426.apk,video
com.ifeng.video_5001.apk,video
com.hbdby.app_37.apk,video
afzkl.development.mVideoPlayer.pro_44.apk,video
com.tencent.weishi_506.apk,video
com.cmcc.migutvtwo_146.apk,video
cn.wecook.app_4200.apk,video
com.camerasideas.instashot_221.apk,video
com.picadelic.fxguru_42.apk,video
com.google.android.videos_40820183.apk,video
com.blinnnk.zeus_38.apk,video
com.cdv.video360_112.apk,video
com.impression.a9513.client_100439.apk,video
com.ssxg.cheers_42.apk,video
com.MEyeProv3_304.apk,video
air.tv.douyu.android_10550002.apk,video
com.tiange.hz.happy88_511.apk,video
com.iflyor.gm.mobile_61.apk,video
com.fantasy.tv_138.apk,video
com.youshixiu.gameshow_19012401.apk,video
net.tvfanqie.video_143.apk,video
com.time.android.vertical_new_sgbz_66065.apk,video
com.mine.videoplayer_222.apk,video
com.fmcc.video_142.apk,video
com.waqu.android.vertical_tfboys_660.apk,video
com.goseet.VidTrim_76.apk,video
com.snailvr.manager_2018041201.apk,video
com.ktcp.video_5006.apk,video
com.chuangyi.bite.movies.developed_2018020811.apk,video
com.show.yabo_8300.apk,video
com.meitu.meipaimv_8111.apk,video
com.dou_pai.DouPai_702010000.apk,video
com.fone.player_212.apk,video
com.sina.show_106.apk,video
com.videoeditor.videomaker.photos.music.pictures_30000.apk,video
com.dazhihui.live_94449.apk,video
com.imgo.pad_25.apk,video
com.waqu.android.vertical_makeup_66065.apk,video
com.iqiyi.ivrcinema.cb_42.apk,video
com.storm.smart.libso.v5a_25.apk,video
com.yzxx.video_172.apk,video
com.quanminzb.qmvideo_1996.apk,video
com.biycp.sjzww_20.apk,video
com.znxh.hyhuo_2019012800.apk,video
tv.acfundanmaku.video_655.apk,video
com.baofeng.mj_20180326.apk,video
com.storm.smart.libso.v7a_25.apk,video
com.iqudian.app.guibuwu_30.apk,video
com.kw.leike_16.apk,video
com.iflytek.mea.vbgvideo_1126.apk,video
com.google.android.youtube_1403532340.apk,video
com.aizz.ejoy_110.apk,video
com.wzm.moviepic_90.apk,video
com.kuaiyouxi.video.minecraft_39.apk,video
com.tiantian.android.player_211.apk,video
com.youku.tv_2800001.apk,video
com.rumtel.pandatv_20190301.apk,video
com.haixiu.ui_80.apk,video
com.wole56.ishow_118.apk,video
com.zhangyu_30030800.apk,video
com.v1.video_90.apk,video
com.platform.gamevideo_3.apk,video
com.baidu.video_1080903448.apk,video
com.naver.vapp_1003910.apk,video
dopool.player.lite_27.apk,video
com.tiange.miaolive_463.apk,video
com.mxtech.ffmpeg.v7_neon_1042.apk,video
com.onlylady.beautyapp_66.apk,video
taole.com.quokka_652.apk,video
com.duowan.pad_58.apk,video
com.cnlive.goldenline_332.apk,video
tv.huohua.android.ocher_166.apk,video
com.Android56_6080.apk,video
org.fungo.fungolive_4530.apk,video
com.xxkj.cnj_41.apk,video
com.zbx.ct.tvzhibo_199.apk,video
video.like_1142.apk,video
com.yunlian.yudao_81.apk,video
cn.enry.hc_144.apk,video
com.ss.android.ugc.aweme_530.apk,video
me.yidui_676.apk,video
com.lgkd.xspzb_10.apk,video
com.lww.zatoufadaquan_37.apk,video
com.douyu.hd.air.douyutv_173.apk,video
com.wandoujia.eyepetizer_461.apk,video
com.Tiange.ChatRoom_451.apk,video
com.panduola.vrplayerbox_153.apk,video
com.huifeng.bufu_49.apk,video
com.kaola.spqsy_13.apk,video
com.lesports.glivesports_309060.apk,video
com.kuaile.m91spml_5.apk,video
com.moliplayer.android_92.apk,video
com.bobo.splayer_349.apk,video
com.aipai.android_kupao_510001.apk,video
com.rd.kx_400.apk,video
com.ted.android_120.apk,video
com.actuive.android_35.apk,video
com.qwhb.app_36.apk,video
com.videoedit.master_2019012401.apk,video
com.gidea.squaredance_210.apk,video
com.allplayer_12_170851.apk,video
com.kascend.chushou_92.apk,video
com.player_34_210551.apk,video
com.cheshijie.carshortvideo_4.apk,video
com.youku.paike_104.apk,video
com.qihoo.qeditor_205.apk,video
com.caiyi.youle_59.apk,video
cn.cntv_6690.apk,video
com.sumavision.talktv2_5150.apk,video
com.cinema2345_203.apk,video
com.fengzhongkeji_69.apk,video
com.doshow_342.apk,video
com.julun.lingmeng_40800.apk,video
com.hunantv.imgo.activity_6206100.apk,video
com.lotogram.wawaji_24900.apk,video
com.mxtech.ffmpeg.v7_vfpv3d16_1030.apk,video
com.qiyi.video.pad_80721.apk,video
com.esvideo_62.apk,video
com.panda.videoliveplatform_8293.apk,video
com.jiuguo.app_100.apk,video
yong.app.yyvideoplayer_14.apk,video
us.zoom.videomeetings_40010.apk,video
com.nssoft.jplayer_3160.apk,video
com.lightsky.video_10275.apk,video
com.aipai.android_887.apk,video
com.edit.master_2019013101.apk,video
