com.metek.weather_110.apk,weather
org.fagod.wfc_widget_12.apk,weather
com.colormar.iWeather.skin.keai_130217.apk,weather
com.carrotapp.weatherface.pro_5.apk,weather
com.mediawoz.goweather_65_111111.apk,weather
com.cloudtech.weatherradar_105000.apk,weather
157118_712d52f9-75f2-44bb-8f9a-295815a912ec.apk,weather
66a5e6c02a5cba02c998e57ad03b11be.apk,weather
com.seasou.weather_1.apk,weather
cn.etouch.ecalendar.longshi_487.apk,weather
com.fingrtips.beta.weathermaps_33.apk,weather
com.barbossa.thermometer6_1.apk,weather
org.koxx.forecast_weather_unlocker_105.apk,weather
hulst.namespace_1.apk,weather
org.mario.weather_1.apk,weather
com.wrl.hy_tq_2006.apk,weather
mobileDiary.Pack_17.apk,weather
mobi.infolife.ezweather_387.apk,weather
com.cayer.haotq_993.apk,weather
com.dianxinos.dxhome.plugin.weather.skin.c_1.apk,weather
bbc.mobile.weather_30228.apk,weather
com.hm.weather_6.apk,weather
yong.weather.pro.pay_9.apk,weather
com.hamsterbeat.wallpapers.fx.color.full_67.apk,weather
org.mario123.weather_2.apk,weather
com.calendar.UI_31760.apk,weather
com.audioguidia.myweather_61.apk,weather
com.oppo.compass_1.apk,weather
com.sz.china.typhoon_290.apk,weather
hko.my_world_weather_14.apk,weather
com.dianxinos.weather_208.apk,weather
com.sea.seaweatherapp_39.apk,weather
com.ecrodaemus.rulerlite_1.apk,weather
local.weather.forecast.pro_165.apk,weather
com.dingxiaoyu.lhalfkjbs_1.apk,weather
com.ss.android.article.weather_642.apk,weather
tianqibianhuadongtaibizhi.apk,weather
weather.inwo_9.apk,weather
com.pekall.weather_20130205_111304.apk,weather
cn.x4e2e91.laeddb2_40.apk,weather
com.cmcc.nqweather_81.apk,weather
com.lu.ashionweather_410.apk,weather
com.localwisdom.weatherwise_28.apk,weather
org.satok.gweather_6055.apk,weather
hu.distinction.weatherflow_11_203029.apk,weather
mobi.edf04f.r91d59a_20.apk,weather
cn.playboy.thermometer_1.apk,weather
com.sinyee.babybus.meteorological_9241000.apk,weather
de.mdiener.rain.usa.plus_79_163958.apk,weather
com.hoo.weather.az360_26.apk,weather
com.app.demo.clock_3.apk,weather
com.shyl_weather_621.apk,weather
com.meifuapp.wheaterguide_5.apk,weather
com.moji.mjweather.light_7030202.apk,weather
nl.mwarnaar.HetWeer_20.apk,weather
com.lilysgame.weather_26.apk,weather
com.handpet.weather.wallpaper.resource.number425_230.apk,weather
my.hl_48.apk,weather
com.weather.load_3.apk,weather
com.ape.weather3_713430.apk,weather
com.mediawoz.goweather.widgetskin_6.apk,weather
com.zhy.superdeskclock_0.apk,weather
com.dessoft.weatherwidgettra_1.apk,weather
com.mojichina.weather.skin60_1.apk,weather
com.way.weather_7.apk,weather
com.zhuanqian.weather_22.apk,weather
com.clover.myweather_23.apk,weather
com.xiaad.android.thermometertrial_8623.apk,weather
com.jt.weather_lite_1.apk,weather
com.nd.yuanweather_10.apk,weather
com.huoli.openet.weather_2.apk,weather
com.vivoti.trueweathercities_420.apk,weather
net.veierland.aix_20.apk,weather
com.survivingwithandroid.weatherapp_1.apk,weather
com.appdlab.radarexpress_160.apk,weather
soft.wmd.wmdweather_157.apk,weather
com.guocui_1.apk,weather
com.mojichina.weather.skin108_1.apk,weather
com.smg_9.apk,weather
idrabenia.weather_1.apk,weather
com.tianqi8.weather_25.apk,weather
com.spindance.aculink_17.apk,weather
com.palmarysoft.customweatherpro_127_120500.apk,weather
com.droid27.worldclockweather_29.apk,weather
co.xingtuan.tingkeling_510.apk,weather
com.vivoti.trueweather_42.apk,weather
com.clockweatherpro_51.apk,weather
com.yahoo.mobile.client.android.weather_91595627.apk,weather
com.nnwhy.app_26.apk,weather
cn.microsoft.cig.uair_42.apk,weather
ord.anddev.andweather.widget_2.apk,weather
cn.etouch.ecalendar_761.apk,weather
com.zhizhi.androidweather_11.apk,weather
com.tsf.shell.widget.weather_17.apk,weather
com.nikolasokol.zwskin.htcsenseclock_103.apk,weather
com.cz.hello_20160418.apk,weather
com.mediawoz.goweather.htcstyle_7_123508.apk,weather
com.sina.tianqitong.anim_5.apk,weather
com.gunner.android.WeatherWallpaper_3.apk,weather
com.wjwl.mobile.taocz_100.apk,weather
com.tianqi2345_87.apk,weather
com.bti.tempMeter_16.apk,weather
com.apalon.weatherlive.free_159.apk,weather
com.pcs.knowing_weather_10065.apk,weather
com.carrotapp.layer_6.apk,weather
com.brainyfriends.weather.clock.widget_64.apk,weather
com.health720.ck2bao.android_46.apk,weather
158622_701fd991-a2c7-4d7a-9f8b-8b9751ab8062.apk,weather
com.justexceptions.loc_weather_52.apk,weather
sina.mobile.tianqitong_256.apk,weather
upper.duper.widget.weather_49.apk,weather
com.moli.vlwp.weather_5.apk,weather
com.airandclock.byscmemene.bysczh.b_465.apk,weather
com.sky_dreaming.weather_4.apk,weather
com.sscwap_61.apk,weather
com.vivoti.trueweatherfree_11.apk,weather
com.xiaoxiao.bjair_1.apk,weather
com.mojichina.weather.skin15_1.apk,weather
com.joe.holi_141.apk,weather
com.liaowf.app.weather_1.apk,weather
com.mediawoz.goweather.miuistyle_2.apk,weather
com.t7yb_3.apk,weather
com.gau.go.weatherex.systemwidgetskin.miuistyleskin_5.apk,weather
cn.org.qxzs_3.apk,weather
com.king.weather_37.apk,weather
com.levelup.beautifulwidgets_5060101.apk,weather
vaderradar.Forecast_1.apk,weather
com.iphonestyle.weather_2.apk,weather
com.dadawh.alarm_41.apk,weather
com.wunderground.android.weather_2015100307.apk,weather
com.vivoti.trueweatherwaterfallfree_32.apk,weather
com.xdwh.ebook494808f05c8d13873ba7b2550f0b4a41_8.apk,weather
com.androidapps.widget.weather2_94.apk,weather
com.wzm.observatory_1.apk,weather
com.mm.iweather_9.apk,weather
HF.WeatherForecast_1.apk,weather
com.example.client_2.apk,weather
com.hf_90.apk,weather
com.andow.appweatherforecase05_71.apk,weather
com.kalengo.weathermeida_17.apk,weather
com.devexpert.weather_165.apk,weather
com.icoolme.android.weather_2052000007.apk,weather
com.auraquest.flightdeck.wxradar_7.apk,weather
com.tsf.shell.widget.alarm_15.apk,weather
com.apps.weather_buddy_16.apk,weather
com.gau.go.weatherex.systemwidgetskin.zneonskin_3.apk,weather
com.citc.weather_17.apk,weather
infobeans.weather.plus_5.apk,weather
huawei.campus.weathertong_1.apk,weather
151401_f04fb552-e208-4ac5-a019-5ad5c9a67a29.apk,weather
com.kio.android.weather_1.apk,weather
com.devandroid.devweather_22.apk,weather
com.Elecont.USARadar_130.apk,weather
com.dianxinos.dxhome.plugin.weather.skin.a_497.apk,weather
cdfs.shanghai_1.apk,weather
com.PadCalendar.UI_1.apk,weather
com.ziyou.tourGuide_1024.apk,weather
android.ypan.weather_2_000501.apk,weather
com.colormar.iWeather_400310.apk,weather
com.droid27.transparentclockweather_527.apk,weather
com.goodat.seiwoowidget_26.apk,weather
jnkstudios.widgetworks_6.apk,weather
com.updrv.lifecalendar_603070.apk,weather
47782_53ede929-7716-445b-84fb-372bf896bd86.apk,weather
cn.de9a1c4d.q49569_80.apk,weather
com.handpet.wallpaper.res.number164_222.apk,weather
factory.widgets.SenseClockDark_27.apk,weather
com.orangekit.qweather_27.apk,weather
com.yulin.android.CityWeather_20120614.apk,weather
31340_7c7558fb-e76d-4efd-bc3b-d72c4402acb2.apk,weather
com.fenghe.android.weather_17.apk,weather
com.metek.customzqWeather_1200.apk,weather
com.yunxi.weather_44.apk,weather
com.weathercity.src_2.apk,weather
com.kaku.weac_7.apk,weather
com.lesogo.weather.mtq_60.apk,weather
org.l99eb2d9.h1bd7_60.apk,weather
com.sx.way.weather_3.apk,weather
com.goski.gosking_346.apk,weather
com.opeiwei.app_48.apk,weather
net.oneplus.weather_300.apk,weather
com.moxier.world_129.apk,weather
com.ymiqvl.weather.app_2.apk,weather
com.gharachi.teraphonewidget_10.apk,weather
com.sktq.weather_1902222.apk,weather
com.btows.alwp.weather_2.apk,weather
com.rk.android.air.doctor_2128.apk,weather
com.cloud.android.miniweatherex_1506.apk,weather
cn.nubia.weather_15.apk,weather
com.philips.air_34.apk,weather
com.lixiangdong.LCDWatch.Pro_62.apk,weather
com.jianso.search_3000.apk,weather
com.qtwlw.typhoon_10.apk,weather
com.accuweather.android_141.apk,weather
com.miaomiao.weather_8.apk,weather
com.anddoes.fancywidgets_24.apk,weather
tv.pb8d1c.s55c9d50_1.apk,weather
com.airhuxi.airquality_17.apk,weather
com.dessoft.weatherwidgetpro_4.apk,weather
com.fancywidget.android_20.apk,weather
com.dodo.weather_25.apk,weather
com.easylife.weather_54.apk,weather
org.le753a.aefecb4_60.apk,weather
com.zhy.weather_502.apk,weather
com.nemustech.regina.weatherserver_601.apk,weather
com.droid27.d3flipclockweather_284.apk,weather
com.vivoti.trueweatherwaterfall_505_160008.apk,weather
it.thebugger.weatherwidget_97.apk,weather
com.iflytek.ibluesky_8.apk,weather
sgolovanov.GSFlipClockWallpaperTrial_76.apk,weather
com.tianqipai.android.weather_10400.apk,weather
com.nomen.girlgoogle_7.apk,weather
com.stockemotion.app_120.apk,weather
com.digcy.mycast.full_16.apk,weather
com.speedsoft.weather_1_134551.apk,weather
com.gpimports.superalarmlite_2.apk,weather
org.z8c13a3.f9bf68_40.apk,weather
com.ylmf.ylmf114la.weather_1.apk,weather
com.hello.tyc.weather_2.apk,weather
com.switchsoft.weather_16.apk,weather
kr.co.core.technology.clock.widget.free_106.apk,weather
com.yue.screensaver.lshsh18_6.apk,weather
com.sinyee.babybus.weatherII_9310000.apk,weather
com.lu.ashionweatherbanner_383.apk,weather
com.shyl.alarm_79.apk,weather
kr.co.core.technology.clock_25.apk,weather
com.dvtonder.chronus_173222.apk,weather
com.pcs.ydqxz_10009.apk,weather
com.zook.threemobileweather_5.apk,weather
org.zcsatok.zcgweather_5113_171636.apk,weather
com.levelup.bw.forecast_5.apk,weather
ch.corten.aha.worldclock_49.apk,weather
com.mmbang.weather_3_183642.apk,weather
avm.androiddukkanfree.dhv_7.apk,weather
com.cereslink.solartime_140622.apk,weather
com.linpus.weatherapp_43.apk,weather
weather.b.fktq.fangkuai_243.apk,weather
slo.lesnik_30.apk,weather
com.jiran.weatherlocker_67.apk,weather
com.xin.liveWallpaper_1.apk,weather
com.catyum.snsdweather_1.apk,weather
com.grassinfo.android.main_260.apk,weather
com.mm.android.weather.activity_1_114603.apk,weather
com.leefj.application.weather_9.apk,weather
cc.wolf.weather_25.apk,weather
com.cn.aisky.android_50.apk,weather
com.l9d2b1.g76f098_1.apk,weather
6b9af5a4744509195dbf599c34cfa5fb.apk,weather
com.softfabrique.mcweather_14.apk,weather
wongi.weather_167.apk,weather
cn.ytk.weather_20011.apk,weather
artdroid.weatherlivewallpaperlwp_1.apk,weather
com.gau.go.weatherex.systemwidgetskin.moonlightskin_6.apk,weather
ru.sergey.abadzhev.nlwlwp_24.apk,weather
com.justexception.weather_yb_13.apk,weather
com.gau.go.launcherex.gowidget.weatherwidget_306.apk,weather
air.byss.mobi.instaweatherfree_31201014.apk,weather
com.julanling.workschedule_11.apk,weather
com.sinpo.weather_39.apk,weather
com.jham.weatherwidgetcn_3.apk,weather
com.enso.weather_20.apk,weather
com.aigo.AigoPm25Map_49.apk,weather
org.zhanglu.weather_1.apk,weather
com.zook.cubeweather_5.apk,weather
com.colormar.iWeather.skin.whiteLine_130215.apk,weather
com.maimaiplus.android.weather_2.apk,weather
com.kasq6.animatedweather_152.apk,weather
cdfs.tianjin_1.apk,weather
com.crossweather.iweather_9.apk,weather
com.android.dbwidget_7.apk,weather
com.mojichina.weather.skin106_1.apk,weather
com.mediawoz.goweather.animateforhd_1.apk,weather
com.mlog.weather_119.apk,weather
com.hima.android.nftq_205.apk,weather
com.crossweather.weather_7.apk,weather
org.youhu.baishitong_139.apk,weather
com.apalon.weatherlive_113.apk,weather
10460_1ac9f29f-eddb-4587-b2c2-71de5ce654d6.apk,weather
com.intimateweather.weather_70.apk,weather
com.yelang.cy.calendarweatherbao_301.apk,weather
com.gionee.livewallpaper.v2_10000024.apk,weather
edu.qust.weather_106.apk,weather
com.koudai.weather_66.apk,weather
com.lu.weatherforecast_410.apk,weather
com.tsf.shell.widget.weatheres2_5.apk,weather
com.fullteem.slidingmenu_1500.apk,weather
com.weather.app_5_205631.apk,weather
com.sonyericsson.advancedwidget.weather_4194311.apk,weather
com.songheng.weatherexpress_43.apk,weather
com.cas.airquality_42.apk,weather
com.moli.alwp.weather_13.apk,weather
com.txj.weather.anmei_8084.apk,weather
com.ntcyan.weather.forecast_6.apk,weather
edu.qust.googleweather_1.apk,weather
com.moji.airnut_31800.apk,weather
com.sangebaba.airdetetor_50.apk,weather
hko.MyObservatory_v1_0_136.apk,weather
cn.aisky.android_1.apk,weather
cn.com.last4.win7weather_60.apk,weather
com.moji.mjweather_7080402.apk,weather
apricoworks.android.wallpaper.weatherflowfree_91.apk,weather
com.leo.rowe_8.apk,weather
com.mydeepsky.seventimer_9.apk,weather
com.mediawoz.iphonenightvideo_2.apk,weather
com.long_weather_205.apk,weather
com.hots.smallweather_1.apk,weather
157945_9bdc9b41-9a5d-49ab-a5f2-ede2d4d91f64.apk,weather
com.smp.hourlyweatherwidget_29.apk,weather
com.jmtv.wxjm_21.apk,weather
hd.dt.weather_101000.apk,weather
com.nikolasokol.zwskin.holoclockweather_105.apk,weather
com.sonyericsson.extras.liveware.extension.weather_10036.apk,weather
com.hskj.iphoneweather_2_081211.apk,weather
com.tianqiyubao2345_22.apk,weather
com.wyh.myweather_42.apk,weather
com.tianqi361.app_250.apk,weather
com.df.weather_1.apk,weather
cn.cstor.pm_41.apk,weather
com.sina.weatherwallpaper_1.apk,weather
cn.toput.miya_112.apk,weather
com.mediawoz.goweather.glassstyle_1.apk,weather
com.alvin.weatherinfo_2000000004.apk,weather
com.metek.zqWeatherHD_1.apk,weather
com.accuweather.android.simpleweatherlite_2.apk,weather
com.silence.weather.widget_6.apk,weather
factory.zcwidgets.zcMIUIDigitalClock_2_171700.apk,weather
com.dualboot.apps.springzen_12.apk,weather
148022_d9039536-74e8-4e51-989c-50313dea45f7.apk,weather
com.tam.gw_1.apk,weather
com.mediawoz.weather.widget.threedstyle_7.apk,weather
com.gionee.amiweather_1102000903.apk,weather
com.bestappreport.bestweatherapps_12.apk,weather
com.weathernews.sunnycomb_1021.apk,weather
com.globaltide_31.apk,weather
com.bupt3g.rootxml_2.apk,weather
com.cacaoapp.weather_1.apk,weather
com.emtrace.moxiworld_123.apk,weather
androidbaby.hkweather_104.apk,weather
com.tqssyb.app_5.apk,weather
com.cn.dayweater_1.apk,weather
com.mapuni.weibao_310.apk,weather
com.handmark.expressweather_42700.apk,weather
com.appsdev.thermometer_1.apk,weather
com.droid27.digitalclockweather_277.apk,weather
com.staven.timeweather_20130220_093500.apk,weather
com.yunxi.weather2_48.apk,weather
com.mediawoz.goweather.animate1_2.apk,weather
com.chuanonly.livewallpaper_23.apk,weather
com.droid27.senseflipclockweather_259.apk,weather
home.solo.plugin.weather_30.apk,weather
12825_80e92e0b-768c-4629-bab0-ed5fc9e89015.apk,weather
com.diidy.weather_2_103844.apk,weather
com.mg.meteoearth_65792.apk,weather
com.example.welcome_43.apk,weather
com.macropinch.swan_6060114.apk,weather
com.juhe.weather_1.apk,weather
169235_8c999875-4078-4593-af11-fa1ddbf0aef6.apk,weather
com.cn.daming.deskclock_2_151640.apk,weather
com.freshideas.airindex_70.apk,weather
edu.chenghaicys.tianqiyubao_175.apk,weather
com.ht.tianqi.yubao.best_20180228.apk,weather
com.example.testandroid.androidapp_55.apk,weather
52681_caf8e9e1-b777-4e27-ad69-9bc6cfef07d8.apk,weather
com.tianqibao.weather_20.apk,weather
com.pcs.ztq_10051.apk,weather
com.dianxinos.dxhome.plugin.weather.skin.b_503.apk,weather
com.lu.newsbanner_301.apk,weather
hkman.android.apps.hkdistictweather_49.apk,weather
com.lesogo.weather.hn_3.apk,weather
hf.weather_14.apk,weather
com.WeatherKING_1.apk,weather
com.metek.zqWeather_3350.apk,weather
com.frank.haomei_9.apk,weather
us.aut0poietic.robotbliss.weather_2.apk,weather
com.apexony.tqonline_3.apk,weather
com.pv.weather_226.apk,weather
com.premiumwidgets.hd_14.apk,weather
com.link.yrwidgetfree_34.apk,weather
com.zzw.android_6.apk,weather
com.xiaowen.weather_10000.apk,weather
com.samruston.weather_164.apk,weather
com.zzy.weather_1.apk,weather
com.envyandroid.tempsens_9.apk,weather
com.aurelhubert.niceweather_19.apk,weather
com.icitymobile.szqx_23.apk,weather
twc.code.weather.appworks_63.apk,weather
com.zhy.weather_chaji_440.apk,weather
com.innext.dnf_211.apk,weather
com.ilmeteo.android.ilmeteo_148.apk,weather
com.barbossa.thermometer1_1.apk,weather
com.xunyang.apps.taurus_30.apk,weather
slm.tek.GuangzhouWeather_2.apk,weather
com.mojichina.weather.skin102_2.apk,weather
com.bigfish.weather1_16.apk,weather
com.cs.android.LocalWeatherForecast_3.apk,weather
com.lge.sizechangable.weather_3033.apk,weather
com.bellshare.beweather_13160.apk,weather
com.authentic.weather_71.apk,weather
com.suning.weather_14.apk,weather
com.weatherforecast_4.apk,weather
com.weather.Weather_811010138.apk,weather
com.akboos.tianqi_2.apk,weather
jack.wang.yaotong_76.apk,weather
oms.weather_20301.apk,weather
air.byss.mobi.instaweatherpro_30701014.apk,weather
com.vm.android.liveweather.aegl_201.apk,weather
com.ireadercity.b6_5391.apk,weather
com.cdqx.cdmb_110.apk,weather
com.dengzi.weather_1.apk,weather
com.examobile.thermometer_39.apk,weather
com.pearsoft.weatherman_6.apk,weather
com.qx121_31.apk,weather
com.nowcasting.activity_77.apk,weather
com.gau.go.weatherex.systemwidgetskin.defaultskin_7.apk,weather
com.youba.WeatherForecast_23.apk,weather
de.wrapware.circleweather_43.apk,weather
com.anddoes.fancywidget_18.apk,weather
com.premiumwidgets_29.apk,weather
com.anvisoft.weather_7.apk,weather
com.sec.android.widgetapp.weatherclock_1.apk,weather
com.im166.xiaoya_1.apk,weather
com.wesoft.weatherreport_3.apk,weather
developer.inter.widget.clock_1.apk,weather
com.imlongluo.weather_3.apk,weather
com.wetter.androidclient_1515229004.apk,weather
com.abb.weather_22.apk,weather
com.anddoes.fancywidget.pro_14.apk,weather
com.goodtech.tq_101.apk,weather
com.jmchn.weather_40.apk,weather
com.mediawoz.goweather.mutistyle_1.apk,weather
weide.tf_35.apk,weather
org.koxx.forecast_weather.v2_283.apk,weather
com.lmd.OtenkiAne_116.apk,weather
cn.sam.android.cityWeather_5.apk,weather
com.moji.mjweather.olympic_21399.apk,weather
www.sotime.activitys_185.apk,weather
com.softbest1.mall.android_30903.apk,weather
com.ybx.weatherwebservice_4.apk,weather
com.hoge.android.yancwireless_201800006.apk,weather
com.DigitalClockWeatherWidget.BestWidgetsapps_8.apk,weather
com.gau.go.weatherex.systemwidgetskin.conciseblack_8.apk,weather
cn.jusen.weather_14.apk,weather
ru.yandex.weatherplugin_7240.apk,weather
com.justexception.loc_weather_25.apk,weather
com.magicbytes.weather.TheWeather_201.apk,weather
com.aws.android_2105000080.apk,weather
com.m4f7e.mb3a08_80.apk,weather
com.mobilityflow.animatedweather_181.apk,weather
com.znn.weather_2017081300.apk,weather
com.example.tianqiwang_1.apk,weather
com.youxis.tianqijingling_14.apk,weather
com.strongsoft.tflj_20190129.apk,weather
com.laoyu.myweather_1.apk,weather
com.hck.activity_1.apk,weather
com.mobisystems.office_16264.apk,weather
com.dessoft.weatherclockwidget_4.apk,weather
com.iwoll.weather_74.apk,weather
app.weatherwalls_1.apk,weather
yong.weather.pro_12.apk,weather
android.miniWeather_3.apk,weather
com.accuweather.android.widget.dev_1.apk,weather
com.nineton.weatherforecast_6168.apk,weather
com.mobile.hiweather_301004.apk,weather
com.devexpert.weatheradfree_3.apk,weather
com.ifunbow.launcherclock_36.apk,weather
com.shoumeng.weather_17.apk,weather
net.maicas.android.meteo_37.apk,weather
com.dianxinos.qqweatherwidget_37.apk,weather
sina.mobile.tianqitonghd_2.apk,weather
my.SuperWeather_1.apk,weather
com.accuweather.paid.android_124.apk,weather
Prince.weatherForcastNew_2.apk,weather
mobi.thinkchange.android.thermometer_27.apk,weather
com.pp.weather_4.apk,weather
com.gionee.livewallpaper_10000014.apk,weather
com.weather_report_3.apk,weather
com.liwei.weather.app_5_160456.apk,weather
com.tju.android.radar_102.apk,weather
com.google.android.apps.genie.geniewidget_33502543.apk,weather
uk.co.bains.sam.weather_7_151203.apk,weather
com.starbucksv.weather_155.apk,weather
com.iflytek.ibluesky.activity_1.apk,weather
ikey.ayukyo.tianq_2015081601.apk,weather
com.gioct.weather_210.apk,weather
loongmobile.WeatherForecast_1.apk,weather
say.zzm.weather_951.apk,weather
com.ermesjo.yr_25.apk,weather
com.ksl.android.weather_421200.apk,weather
com.yitao.mj.diandian_1.apk,weather
org.jsharkey.sky_117.apk,weather
com.urbandroid.wclock_21_002733.apk,weather
com.akmob.pmdiandain_5.apk,weather
com.ermesjo.yrp_47.apk,weather
com.gau.go.weatherex.dynamicsbg.christmas_4.apk,weather
com.arsenal.FunWeather_13.apk,weather
com.vivoti.trueweather3d_121.apk,weather
com.rggzs.weather_1.apk,weather
com.doudoubird.weather_55.apk,weather
com.MayStarWerk.weather.silvergearweatherFree_214.apk,weather
net.qihoo.launcher.widget.clockweather_95.apk,weather
com.penwel.weatherforecase2_25.apk,weather
